"date","price","energy_sun","energy_general","location_in","location_out","SMP","type","생활물가지수","식품","식품_이외","전월세","전월세포함_생활물가지수","생활물가지수_up","식품_up","식품_이외_up","전월세_up","전월세포함_생활물가지수_up","Dubai","Brent","WTI","구름많음","구름조금","눈","맑음","비","흐림","min_Temperature_sum","max_Temperature_sum","Precipitation_sum","snow_sum","date_end","before_count","agenda1"
20160304,108733,1,1,1,0,87.34,"energy_total_location_in",100.51,102.41,99.55,101.83,100.81,-0.00477564421450592,-0.0056635094229079,-0.00431943746860881,0.00196405774329768,-0.00327348477333596,246.64,296.85,275.39,3,3,2,5,2,1,-37.4,105.3,5.3,5.3,0,29585,1
20160309,86342,1,1,0,1,84.26,"energy_total_location_out",100.51,102.41,99.55,101.83,100.81,-0.00477564421450592,-0.0056635094229079,-0.00431943746860881,0.00196405774329768,-0.00327348477333596,265.54,311.33,290.26,0,1,0,0,2,2,14.1,50.9,40.2,0,0,3337,0
20160309,103813,1,1,1,0,87.34,"energy_total_location_in",100.51,102.41,99.55,101.83,100.81,-0.00477564421450592,-0.0056635094229079,-0.00431943746860881,0.00196405774329768,-0.00327348477333596,265.54,311.33,290.26,0,1,0,0,2,2,14.1,50.9,40.2,0,0,1087,0
20160316,58700,1,1,0,1,84.26,"energy_total_location_out",100.51,102.41,99.55,101.83,100.81,-0.00477564421450592,-0.0056635094229079,-0.00431943746860881,0.00196405774329768,-0.00327348477333596,260.3,301.66,287.68,0,3,0,3,1,0,-8.2,56.4,0.1,0,0,13694,0
20160316,86664,1,1,1,0,87.34,"energy_total_location_in",100.51,102.41,99.55,101.83,100.81,-0.00477564421450592,-0.0056635094229079,-0.00431943746860881,0.00196405774329768,-0.00327348477333596,260.3,301.66,287.68,0,3,0,3,1,0,-8.2,56.4,0.1,0,0,20,0
20160323,78238,1,1,0,1,84.26,"energy_total_location_out",100.51,102.41,99.55,101.83,100.81,-0.00477564421450592,-0.0056635094229079,-0.00431943746860881,0.00196405774329768,-0.00327348477333596,270.86,295.15,290.19,1,3,0,3,0,0,35.1,114.1,0,0,0,397,0
20160323,93221,1,1,1,0,87.34,"energy_total_location_in",100.51,102.41,99.55,101.83,100.81,-0.00477564421450592,-0.0056635094229079,-0.00431943746860881,0.00196405774329768,-0.00327348477333596,270.86,295.15,290.19,1,3,0,3,0,0,35.1,114.1,0,0,0,310,0
20160406,84291,1,1,0,1,77.25,"energy_total_location_out",100.51,102.26,99.63,101.97,100.84,0,-0.00146684920790134,0.000802970992672873,0.00137295282926351,0.000297500991669984,252.01,289.43,274.24,0,2,0,9,3,0,73.6,244.2,5.1,0,0,7932,0
20160406,104127,1,1,1,0,75.37,"energy_total_location_in",100.51,102.26,99.63,101.97,100.84,0,-0.00146684920790134,0.000802970992672873,0.00137295282926351,0.000297500991669984,252.01,289.43,274.24,0,2,0,9,3,0,73.6,244.2,5.1,0,0,2543,0
20160414,94347,1,1,0,1,77.25,"energy_total_location_out",100.51,102.26,99.63,101.97,100.84,0,-0.00146684920790134,0.000802970992672873,0.00137295282926351,0.000297500991669984,285.55,315.65,298.8,1,2,0,2,2,1,71.7,152.9,8.5,0,0,77135,0
20160414,105851,1,1,1,0,75.37,"energy_total_location_in",100.51,102.26,99.63,101.97,100.84,0,-0.00146684920790134,0.000802970992672873,0.00137295282926351,0.000297500991669984,285.55,315.65,298.8,1,2,0,2,2,1,71.7,152.9,8.5,0,0,1395,0
20160420,99441,1,1,0,1,77.25,"energy_total_location_out",100.51,102.26,99.63,101.97,100.84,0,-0.00146684920790134,0.000802970992672873,0.00137295282926351,0.000297500991669984,279.98,328.55,305.81,0,0,0,2,4,0,49.9,117,46,0,0,29639,0
20160420,109201,1,1,1,0,75.37,"energy_total_location_in",100.51,102.26,99.63,101.97,100.84,0,-0.00146684920790134,0.000802970992672873,0.00137295282926351,0.000297500991669984,279.98,328.55,305.81,0,0,0,2,4,0,49.9,117,46,0,0,2697,0
20160427,89173,1,1,0,1,77.25,"energy_total_location_out",100.51,102.26,99.63,101.97,100.84,0,-0.00146684920790134,0.000802970992672873,0.00137295282926351,0.000297500991669984,307.99,341.18,327.8,2,0,0,2,1,2,73.1,154.6,17,0,0,26586,0
20160427,111253,1,1,1,0,75.37,"energy_total_location_in",100.51,102.26,99.63,101.97,100.84,0,-0.00146684920790134,0.000802970992672873,0.00137295282926351,0.000297500991669984,307.99,341.18,327.8,2,0,0,2,1,2,73.1,154.6,17,0,0,229,0
20160504,97397,1,1,0,1,75.53,"energy_total_location_out",100.37,101.68,99.71,102.14,100.78,-0.00139483909534722,-0.00570416994492524,0.00080232674756793,0.00166438222048171,-0.000595356221472537,300.75,319.13,313.12,2,1,0,1,3,0,81.9,158.6,43.8,0,0,25318,0
20160504,120563,1,1,1,0,68.72,"energy_total_location_in",100.37,101.68,99.71,102.14,100.78,-0.00139483909534722,-0.00570416994492524,0.00080232674756793,0.00166438222048171,-0.000595356221472537,300.75,319.13,313.12,2,1,0,1,3,0,81.9,158.6,43.8,0,0,3251,0
20160511,90800,1,1,0,1,75.53,"energy_total_location_out",100.37,101.68,99.71,102.14,100.78,-0.00139483909534722,-0.00570416994492524,0.00080232674756793,0.00166438222048171,-0.000595356221472537,311.47,351.49,341.38,0,1,0,2,3,1,84.7,161.9,30.5,0,0,85157,0
20160511,123890,1,1,1,0,68.72,"energy_total_location_in",100.37,101.68,99.71,102.14,100.78,-0.00139483909534722,-0.00570416994492524,0.00080232674756793,0.00166438222048171,-0.000595356221472537,311.47,351.49,341.38,0,1,0,2,3,1,84.7,161.9,30.5,0,0,37,0
20160518,87603,1,1,0,1,75.53,"energy_total_location_out",100.37,101.68,99.71,102.14,100.78,-0.00139483909534722,-0.00570416994492524,0.00080232674756793,0.00166438222048171,-0.000595356221472537,337.7,361.1,355.64,0,2,0,2,3,0,87.4,178.5,48,0,0,26619,0
20160518,128626,1,1,1,0,68.72,"energy_total_location_in",100.37,101.68,99.71,102.14,100.78,-0.00139483909534722,-0.00570416994492524,0.00080232674756793,0.00166438222048171,-0.000595356221472537,337.7,361.1,355.64,0,2,0,2,3,0,87.4,178.5,48,0,0,511,0
20160525,115400,1,1,0,1,75.53,"energy_total_location_out",100.37,101.68,99.71,102.14,100.78,-0.00139483909534722,-0.00570416994492524,0.00080232674756793,0.00166438222048171,-0.000595356221472537,338.44,371.86,370.52,2,2,0,2,1,0,117.5,201.2,38.5,0,0,30159,0
20160525,124004,1,1,1,0,68.72,"energy_total_location_in",100.37,101.68,99.71,102.14,100.78,-0.00139483909534722,-0.00570416994492524,0.00080232674756793,0.00166438222048171,-0.000595356221472537,338.44,371.86,370.52,2,2,0,2,1,0,117.5,201.2,38.5,0,0,2843,0
20160601,104737,1,1,0,1,82.62,"energy_total_location_out",100.43,100.95,100.17,102.35,100.87,0.000597431046500072,-0.00723130262506195,0.00459219327143863,0.00205178309721538,0.000892237533458941,340.26,372.31,366.99,1,3,0,2,0,1,118.1,192,0,0,0,22044,0
20160601,118931,1,1,1,0,65.15,"energy_total_location_in",100.43,100.95,100.17,102.35,100.87,0.000597431046500072,-0.00723130262506195,0.00459219327143863,0.00205178309721538,0.000892237533458941,340.26,372.31,366.99,1,3,0,2,0,1,118.1,192,0,0,0,751,0
20160610,116956,1,1,1,0,65.15,"energy_total_location_in",100.43,100.95,100.17,102.35,100.87,0.000597431046500072,-0.00723130262506195,0.00459219327143863,0.00205178309721538,0.000892237533458941,350.62,367.42,356.73,2,3,0,3,1,0,166.9,259.9,0.1,0,0,23316,0
20160615,95420,1,1,0,1,82.62,"energy_total_location_out",100.43,100.95,100.17,102.35,100.87,0.000597431046500072,-0.00723130262506195,0.00459219327143863,0.00205178309721538,0.000892237533458941,339.91,361.15,354.07,1,1,0,0,3,0,97.3,136.8,20,0,0,36123,0
20160615,119717,1,1,1,0,65.15,"energy_total_location_in",100.43,100.95,100.17,102.35,100.87,0.000597431046500072,-0.00723130262506195,0.00459219327143863,0.00205178309721538,0.000892237533458941,339.91,361.15,354.07,1,1,0,0,3,0,97.3,136.8,20,0,0,910,0
20160622,102376,1,1,0,1,82.62,"energy_total_location_out",100.43,100.95,100.17,102.35,100.87,0.000597431046500072,-0.00723130262506195,0.00459219327143863,0.00205178309721538,0.000892237533458941,343.26,363.37,357.91,3,1,0,2,1,0,139.1,205.4,30.5,0,0,54982,0
20160622,121263,1,1,1,0,65.15,"energy_total_location_in",100.43,100.95,100.17,102.35,100.87,0.000597431046500072,-0.00723130262506195,0.00459219327143863,0.00205178309721538,0.000892237533458941,343.26,363.37,357.91,3,1,0,2,1,0,139.1,205.4,30.5,0,0,2985,0
20160629,65300,1,1,0,1,82.62,"energy_total_location_out",100.43,100.95,100.17,102.35,100.87,0.000597431046500072,-0.00723130262506195,0.00459219327143863,0.00205178309721538,0.000892237533458941,338.23,374.32,368.92,2,2,0,1,2,0,140.5,201.5,3.6,0,0,26167,0
20160629,121115,1,1,1,0,65.15,"energy_total_location_in",100.43,100.95,100.17,102.35,100.87,0.000597431046500072,-0.00723130262506195,0.00459219327143863,0.00205178309721538,0.000892237533458941,338.23,374.32,368.92,2,2,0,1,2,0,140.5,201.5,3.6,0,0,10,0
20160706,103279,1,1,0,1,93.81,"energy_total_location_out",99.74,100.93,99.14,102.62,100.4,-0.00691798676559066,-0.000198157138610879,-0.0103893483962074,0.0026310660689925,-0.00468127490039839,0,353.91,343.97,2,0,0,0,5,0,147.4,183.8,242.7,0,0,35507,0
20160706,126060,1,1,1,0,66.79,"energy_total_location_in",99.74,100.93,99.14,102.62,100.4,-0.00691798676559066,-0.000198157138610879,-0.0103893483962074,0.0026310660689925,-0.00468127490039839,0,353.91,343.97,2,0,0,0,5,0,147.4,183.8,242.7,0,0,4693,0
20160713,122780,1,1,0,1,93.81,"energy_total_location_out",99.74,100.93,99.14,102.62,100.4,-0.00691798676559066,-0.000198157138610879,-0.0103893483962074,0.0026310660689925,-0.00468127490039839,313.81,334.41,323.49,2,1,0,1,1,2,157.8,220.5,3,0,0,99433,0
20160713,130522,1,1,1,0,66.79,"energy_total_location_in",99.74,100.93,99.14,102.62,100.4,-0.00691798676559066,-0.000198157138610879,-0.0103893483962074,0.0026310660689925,-0.00468127490039839,313.81,334.41,323.49,2,1,0,1,1,2,157.8,220.5,3,0,0,44982,0
20160720,92774,1,1,0,1,93.81,"energy_total_location_out",99.74,100.93,99.14,102.62,100.4,-0.00691798676559066,-0.000198157138610879,-0.0103893483962074,0.0026310660689925,-0.00468127490039839,302.45,337.75,321.79,0,2,0,0,5,0,153.5,202.2,50.8,0,0,90241,0
20160720,132314,1,1,1,0,66.79,"energy_total_location_in",99.74,100.93,99.14,102.62,100.4,-0.00691798676559066,-0.000198157138610879,-0.0103893483962074,0.0026310660689925,-0.00468127490039839,302.45,337.75,321.79,0,2,0,0,5,0,153.5,202.2,50.8,0,0,1772,0
20160727,114429,1,1,0,1,93.81,"energy_total_location_out",99.74,100.93,99.14,102.62,100.4,-0.00691798676559066,-0.000198157138610879,-0.0103893483962074,0.0026310660689925,-0.00468127490039839,290.64,311.26,300.16,4,0,0,0,3,0,183.1,220.2,1.5,0,0,59250,0
20160727,135605,1,1,1,0,66.79,"energy_total_location_in",99.74,100.93,99.14,102.62,100.4,-0.00691798676559066,-0.000198157138610879,-0.0103893483962074,0.0026310660689925,-0.00468127490039839,290.64,311.26,300.16,4,0,0,0,3,0,183.1,220.2,1.5,0,0,3399,0
20160803,118518,1,1,0,1,101.13,"energy_total_location_out",100.12,102.28,99.03,102.83,100.74,0.00379544546544157,0.0131990614000782,-0.0011107745127739,0.00204220558202853,0.00337502481635884,268.81,300.61,284.78,1,1,0,0,5,0,177.9,222.4,62.4,0,0,82812,0
20160803,140828,1,1,1,0,71.43,"energy_total_location_in",100.12,102.28,99.03,102.83,100.74,0.00379544546544157,0.0131990614000782,-0.0011107745127739,0.00204220558202853,0.00337502481635884,268.81,300.61,284.78,1,1,0,0,5,0,177.9,222.4,62.4,0,0,2752,0
20160810,105400,1,1,0,1,101.13,"energy_total_location_out",100.12,102.28,99.03,102.83,100.74,0.00379544546544157,0.0131990614000782,-0.0011107745127739,0.00204220558202853,0.00337502481635884,287.9,306.77,290.47,0,1,0,5,1,0,185,244.6,1,0,0,72708,0
20160810,145714,1,1,1,0,71.43,"energy_total_location_in",100.12,102.28,99.03,102.83,100.74,0.00379544546544157,0.0131990614000782,-0.0011107745127739,0.00204220558202853,0.00337502481635884,287.9,306.77,290.47,0,1,0,5,1,0,185,244.6,1,0,0,356,0
20160819,96600,1,1,0,1,101.13,"energy_total_location_out",100.12,102.28,99.03,102.83,100.74,0.00379544546544157,0.0131990614000782,-0.0011107745127739,0.00204220558202853,0.00337502481635884,328.89,354.08,337.65,2,2,0,2,3,0,236.5,310.3,12.2,0,0,76468,0
20160819,123286,1,1,1,0,71.43,"energy_total_location_in",100.12,102.28,99.03,102.83,100.74,0.00379544546544157,0.0131990614000782,-0.0011107745127739,0.00204220558202853,0.00337502481635884,328.89,354.08,337.65,2,2,0,2,3,0,236.5,310.3,12.2,0,0,317,0
20160824,106750,1,1,0,1,101.13,"energy_total_location_out",100.12,102.28,99.03,102.83,100.74,0.00379544546544157,0.0131990614000782,-0.0011107745127739,0.00204220558202853,0.00337502481635884,323.02,344.74,328.71,1,2,0,0,2,0,131.6,173.7,8.4,0,0,2238,0
20160824,130657,1,1,1,0,71.43,"energy_total_location_in",100.12,102.28,99.03,102.83,100.74,0.00379544546544157,0.0131990614000782,-0.0011107745127739,0.00204220558202853,0.00337502481635884,323.02,344.74,328.71,1,2,0,0,2,0,131.6,173.7,8.4,0,0,428,0
20160831,107700,1,1,0,1,101.13,"energy_total_location_out",100.12,102.28,99.03,102.83,100.74,0.00379544546544157,0.0131990614000782,-0.0011107745127739,0.00204220558202853,0.00337502481635884,315.11,330.94,314.47,1,2,0,0,4,0,130.1,185.4,43.5,0,0,26342,0
20160831,135488,1,1,1,0,71.43,"energy_total_location_in",100.12,102.28,99.03,102.83,100.74,0.00379544546544157,0.0131990614000782,-0.0011107745127739,0.00204220558202853,0.00337502481635884,315.11,330.94,314.47,1,2,0,0,4,0,130.1,185.4,43.5,0,0,736,0
20160907,121727,1,1,0,1,97.3,"energy_total_location_out",101.3,105.51,99.18,103.04,101.7,0.0116485686080947,0.0306132120178183,0.00151240169388995,0.00203804347826095,0.0094395280235989,303.52,333.47,316.24,2,3,0,0,2,0,143.8,204.5,5,0,0,24263,0
20160907,144804,1,1,1,0,71.3,"energy_total_location_in",101.3,105.51,99.18,103.04,101.7,0.0116485686080947,0.0306132120178183,0.00151240169388995,0.00203804347826095,0.0094395280235989,303.52,333.47,316.24,2,3,0,0,2,0,143.8,204.5,5,0,0,6060,0
20160921,124587,1,1,0,1,97.3,"energy_total_location_out",101.3,105.51,99.18,103.04,101.7,0.0116485686080947,0.0306132120178183,0.00151240169388995,0.00203804347826095,0.0094395280235989,303.35,329.75,319.26,3,4,0,2,3,2,271.5,395.7,14,0,0,164326,0
20160921,154505,1,1,1,0,71.3,"energy_total_location_in",101.3,105.51,99.18,103.04,101.7,0.0116485686080947,0.0306132120178183,0.00151240169388995,0.00203804347826095,0.0094395280235989,303.35,329.75,319.26,3,4,0,2,3,2,271.5,395.7,14,0,0,3869,0
20160928,139102,1,1,0,1,97.3,"energy_total_location_out",101.3,105.51,99.18,103.04,101.7,0.0116485686080947,0.0306132120178183,0.00151240169388995,0.00203804347826095,0.0094395280235989,294.08,337.95,326.57,1,4,0,0,2,0,126.5,188.2,14,0,0,128866,0
20160928,158244,1,1,1,0,71.3,"energy_total_location_in",101.3,105.51,99.18,103.04,101.7,0.0116485686080947,0.0306132120178183,0.00151240169388995,0.00203804347826095,0.0094395280235989,294.08,337.95,326.57,1,4,0,0,2,0,126.5,188.2,14,0,0,2534,0
20161007,155853,1,1,0,1,95.96,"energy_total_location_out",101.73,104.86,100.14,103.11,102.04,0.0042268750614372,-0.00619874117871453,0.00958657878969437,0.000678886625933403,0.00333202665621328,349.98,362.99,348.17,0,2,0,1,3,3,152.9,228.7,27,0,0,65020,0
20161007,164875,1,1,1,0,73.27,"energy_total_location_in",101.73,104.86,100.14,103.11,102.04,0.0042268750614372,-0.00619874117871453,0.00958657878969437,0.000678886625933403,0.00333202665621328,349.98,362.99,348.17,0,2,0,1,3,3,152.9,228.7,27,0,0,6040,0
20161012,149315,1,1,0,1,95.96,"energy_total_location_out",101.73,104.86,100.14,103.11,102.04,0.0042268750614372,-0.00619874117871453,0.00958657878969437,0.000678886625933403,0.00333202665621328,351.56,364.07,352.62,1,3,0,0,1,0,45.6,101.6,6,0,0,116713,0
20161012,174267,1,1,1,0,73.27,"energy_total_location_in",101.73,104.86,100.14,103.11,102.04,0.0042268750614372,-0.00619874117871453,0.00958657878969437,0.000678886625933403,0.00333202665621328,351.56,364.07,352.62,1,3,0,0,1,0,45.6,101.6,6,0,0,612,0
20161019,152766,1,1,0,1,95.96,"energy_total_location_out",101.73,104.86,100.14,103.11,102.04,0.0042268750614372,-0.00619874117871453,0.00958657878969437,0.000678886625933403,0.00333202665621328,353.75,375.12,367.5,1,3,0,2,1,0,87.3,162,1.5,0,0,67871,0
20161019,174217,1,1,1,0,73.27,"energy_total_location_in",101.73,104.86,100.14,103.11,102.04,0.0042268750614372,-0.00619874117871453,0.00958657878969437,0.000678886625933403,0.00333202665621328,353.75,375.12,367.5,1,3,0,2,1,0,87.3,162,1.5,0,0,968,0
20161026,137242,1,1,0,1,95.96,"energy_total_location_out",101.73,104.86,100.14,103.11,102.04,0.0042268750614372,-0.00619874117871453,0.00958657878969437,0.000678886625933403,0.00333202665621328,342.48,357.28,351.56,2,1,0,1,2,1,85.7,142.8,39.5,0,0,32858,0
20161026,173136,1,1,1,0,73.27,"energy_total_location_in",101.73,104.86,100.14,103.11,102.04,0.0042268750614372,-0.00619874117871453,0.00958657878969437,0.000678886625933403,0.00333202665621328,342.48,357.28,351.56,2,1,0,1,2,1,85.7,142.8,39.5,0,0,2031,0
20161102,140514,1,1,0,1,98.21,"energy_total_location_out",101.69,103.99,100.53,103.31,102.06,-0.000393352345363421,-0.00836618905664011,0.00387943897344077,0.00193592101442264,0.000195963158926083,316.57,336.54,325.62,2,0,0,2,3,0,19.5,90.9,0.9,0,0,34698,0
20161102,154633,1,1,1,0,74.83,"energy_total_location_in",101.69,103.99,100.53,103.31,102.06,-0.000393352345363421,-0.00836618905664011,0.00387943897344077,0.00193592101442264,0.000195963158926083,316.57,336.54,325.62,2,0,0,2,3,0,19.5,90.9,0.9,0,0,379,0
20161109,144250,1,1,1,0,74.83,"energy_total_location_in",101.69,103.99,100.53,103.31,102.06,-0.000393352345363421,-0.00836618905664011,0.00387943897344077,0.00193592101442264,0.000195963158926083,304.58,331.69,323.89,2,0,0,1,3,1,42.2,101,6.2,0,0,2868,0
20161116,116770,1,1,0,1,98.21,"energy_total_location_out",101.69,103.99,100.53,103.31,102.06,-0.000393352345363421,-0.00836618905664011,0.00387943897344077,0.00193592101442264,0.000195963158926083,319.43,342.8,335.01,0,1,0,2,4,0,37.6,96.8,6.4,0,0,6245,0
20161116,142230,1,1,1,0,74.83,"energy_total_location_in",101.69,103.99,100.53,103.31,102.06,-0.000393352345363421,-0.00836618905664011,0.00387943897344077,0.00193592101442264,0.000195963158926083,319.43,342.8,335.01,0,1,0,2,4,0,37.6,96.8,6.4,0,0,142,0
20161123,123013,1,1,0,1,98.21,"energy_total_location_out",101.69,103.99,100.53,103.31,102.06,-0.000393352345363421,-0.00836618905664011,0.00387943897344077,0.00193592101442264,0.000195963158926083,340.63,361.92,354.6,1,1,0,2,1,2,23.4,91.6,0.2,0,0,11380,0
20161123,145725,1,1,1,0,74.83,"energy_total_location_in",101.69,103.99,100.53,103.31,102.06,-0.000393352345363421,-0.00836618905664011,0.00387943897344077,0.00193592101442264,0.000195963158926083,340.63,361.92,354.6,1,1,0,2,1,2,23.4,91.6,0.2,0,0,673,0
20161130,113430,1,1,0,1,98.21,"energy_total_location_out",101.69,103.99,100.53,103.31,102.06,-0.000393352345363421,-0.00836618905664011,0.00387943897344077,0.00193592101442264,0.000195963158926083,324.27,370.94,363.37,1,1,1,3,1,0,-13.4,41.7,3.8,0.8,0,43966,0
20161130,152095,1,1,1,0,74.83,"energy_total_location_in",101.69,103.99,100.53,103.31,102.06,-0.000393352345363421,-0.00836618905664011,0.00387943897344077,0.00193592101442264,0.000195963158926083,324.27,370.94,363.37,1,1,1,3,1,0,-13.4,41.7,3.8,0.8,0,104,0
20161207,127500,1,1,0,1,103.91,"energy_total_location_out",101.57,104.33,100.18,103.55,102.02,-0.00118145121591025,0.00325889006038535,-0.00349371131962462,0.00231772090777397,-0.000392079984316862,370.37,389.87,366.11,0,2,0,3,1,1,-9.6,57.8,1.5,0,1,37390,0
20161207,157041,1,1,1,0,86.76,"energy_total_location_in",101.57,104.33,100.18,103.55,102.02,-0.00118145121591025,0.00325889006038535,-0.00349371131962462,0.00231772090777397,-0.000392079984316862,370.37,389.87,366.11,0,2,0,3,1,1,-9.6,57.8,1.5,0,1,223,0
20161214,137161,1,1,0,1,103.91,"energy_total_location_out",101.57,104.33,100.18,103.55,102.02,-0.00118145121591025,0.00325889006038535,-0.00349371131962462,0.00231772090777397,-0.000392079984316862,386.26,395.13,374.17,0,1,0,2,3,1,-23.6,35.3,6.1,0,1,68626,0
20161214,169419,1,1,1,0,86.76,"energy_total_location_in",101.57,104.33,100.18,103.55,102.02,-0.00118145121591025,0.00325889006038535,-0.00349371131962462,0.00231772090777397,-0.000392079984316862,386.26,395.13,374.17,0,1,0,2,3,1,-23.6,35.3,6.1,0,1,3091,0
20161221,162080,1,1,0,1,103.91,"energy_total_location_out",101.57,104.33,100.18,103.55,102.02,-0.00118145121591025,0.00325889006038535,-0.00349371131962462,0.00231772090777397,-0.000392079984316862,396.13,408.04,393.28,1,0,0,3,2,1,-4.6,52.8,29.1,0,1,94883,0
20161221,174107,1,1,1,0,86.76,"energy_total_location_in",101.57,104.33,100.18,103.55,102.02,-0.00118145121591025,0.00325889006038535,-0.00349371131962462,0.00231772090777397,-0.000392079984316862,396.13,408.04,393.28,1,0,0,3,2,1,-4.6,52.8,29.1,0,1,8270,0
20161228,149336,1,1,0,1,103.91,"energy_total_location_out",101.57,104.33,100.18,103.55,102.02,-0.00118145121591025,0.00325889006038535,-0.00349371131962462,0.00231772090777397,-0.000392079984316862,407.34,426.21,409.84,0,2,1,1,2,1,-25.1,28.3,24.1,0.5,1,69892,0
20161228,171637,1,1,1,0,86.76,"energy_total_location_in",101.57,104.33,100.18,103.55,102.02,-0.00118145121591025,0.00325889006038535,-0.00349371131962462,0.00231772090777397,-0.000392079984316862,407.34,426.21,409.84,0,2,1,1,2,1,-25.1,28.3,24.1,0.5,1,483,0
20170104,145462,1,1,0,1,106.06,"energy_total_location_out",102.68,105.86,101.08,103.65,102.9,0.0108102843786523,0.0144530511996977,0.00890383854372766,0.000964785335262986,0.00855199222546171,409.61,428.35,404.07,2,2,1,1,1,0,-21,38.3,0.6,1,0,39939,0
20170104,168096,1,1,1,0,86.1,"energy_total_location_in",102.68,105.86,101.08,103.65,102.9,0.0108102843786523,0.0144530511996977,0.00890383854372766,0.000964785335262986,0.00855199222546171,409.61,428.35,404.07,2,2,1,1,1,0,-21,38.3,0.6,1,0,959,0
20170111,135058,1,1,1,0,86.1,"energy_total_location_in",102.68,105.86,101.08,103.65,102.9,0.0108102843786523,0.0144530511996977,0.00890383854372766,0.000964785335262986,0.00855199222546171,393.72,415.44,393.95,0,3,0,2,0,2,-13.5,47,0,0,0,19704,0
20170118,124271,1,1,0,1,106.06,"energy_total_location_out",102.68,105.86,101.08,103.65,102.9,0.0108102843786523,0.0144530511996977,0.00890383854372766,0.000964785335262986,0.00855199222546171,399.91,400.5,379.41,0,2,2,3,0,0,-55.7,3.5,0.6,1.6,0,1153,0
20170118,141328,1,1,1,0,86.1,"energy_total_location_in",102.68,105.86,101.08,103.65,102.9,0.0108102843786523,0.0144530511996977,0.00890383854372766,0.000964785335262986,0.00855199222546171,399.91,400.5,379.41,0,2,2,3,0,0,-55.7,3.5,0.6,1.6,0,192,0
20170125,135899,1,1,0,1,106.06,"energy_total_location_out",102.68,105.86,101.08,103.65,102.9,0.0108102843786523,0.0144530511996977,0.00890383854372766,0.000964785335262986,0.00855199222546171,391.34,403.12,386.07,1,0,2,4,0,0,-68,-5.4,6.1,9.8,0,13464,0
20170125,161576,1,1,1,0,86.1,"energy_total_location_in",102.68,105.86,101.08,103.65,102.9,0.0108102843786523,0.0144530511996977,0.00890383854372766,0.000964785335262986,0.00855199222546171,391.34,403.12,386.07,1,0,2,4,0,0,-68,-5.4,6.1,9.8,0,1366,0
20170203,159345,1,1,1,0,90.76,"energy_total_location_in",103.13,106.47,101.44,103.91,103.3,0.00436342480364577,0.00572931342162111,0.00354889589905362,0.0025021653353863,0.00387221684414319,400.81,410.64,389.1,1,1,2,3,2,0,-59.5,23.3,7.9,2.2,0,86898,0
20170208,128246,1,1,0,1,121.17,"energy_total_location_out",103.13,106.47,101.44,103.91,103.3,0.00436342480364577,0.00572931342162111,0.00354889589905362,0.0025021653353863,0.00387221684414319,383.25,395.96,375.99,2,1,0,1,1,0,-19.3,11.7,0.5,0,0,17924,0
20170208,153710,1,1,1,0,90.76,"energy_total_location_in",103.13,106.47,101.44,103.91,103.3,0.00436342480364577,0.00572931342162111,0.00354889589905362,0.0025021653353863,0.00387221684414319,383.25,395.96,375.99,2,1,0,1,1,0,-19.3,11.7,0.5,0,0,22197,0
20170215,125060,1,1,0,1,121.17,"energy_total_location_out",103.13,106.47,101.44,103.91,103.3,0.00436342480364577,0.00572931342162111,0.00354889589905362,0.0025021653353863,0.00387221684414319,388.73,401.33,382.33,0,1,0,6,0,0,-46.3,21,0,0,0,28853,0
20170215,145494,1,1,1,0,90.76,"energy_total_location_in",103.13,106.47,101.44,103.91,103.3,0.00436342480364577,0.00572931342162111,0.00354889589905362,0.0025021653353863,0.00387221684414319,388.73,401.33,382.33,0,1,0,6,0,0,-46.3,21,0,0,0,1968,0
20170222,106446,1,1,1,0,90.76,"energy_total_location_in",103.13,106.47,101.44,103.91,103.3,0.00436342480364577,0.00572931342162111,0.00354889589905362,0.0025021653353863,0.00387221684414319,394.42,402.79,386.56,1,1,0,1,4,0,-31.2,43.1,10.6,0,0,51638,0
20170308,93200,1,1,0,1,129.71,"energy_total_location_out",103.34,106.84,101.57,104.1,103.51,0.00203212695955107,0.0034631224260577,0.00127990548390268,0.00182516810758884,0.00202878948893834,391.15,384.56,364.07,0,1,0,10,3,0,-30.4,111.4,6,0,0,121,0
20170308,126851,1,1,1,0,91.67,"energy_total_location_in",103.34,106.84,101.57,104.1,103.51,0.00203212695955107,0.0034631224260577,0.00127990548390268,0.00182516810758884,0.00202878948893834,391.15,384.56,364.07,0,1,0,10,3,0,-30.4,111.4,6,0,0,80,0
20170315,108546,1,1,0,1,129.71,"energy_total_location_out",103.34,106.84,101.57,104.1,103.51,0.00203212695955107,0.0034631224260577,0.00127990548390268,0.00182516810758884,0.00202878948893834,360.89,373.88,352.59,0,2,0,4,0,1,3.2,90,0,0,0,26820,1
20170315,137640,1,1,1,0,91.67,"energy_total_location_in",103.34,106.84,101.57,104.1,103.51,0.00203212695955107,0.0034631224260577,0.00127990548390268,0.00182516810758884,0.00202878948893834,360.89,373.88,352.59,0,2,0,4,0,1,3.2,90,0,0,0,158,1
20170328,107197,1,1,0,1,129.71,"energy_total_location_out",103.34,106.84,101.57,104.1,103.51,0.00203212695955107,0.0034631224260577,0.00127990548390268,0.00182516810758884,0.00202878948893834,345.01,359.73,338.98,4,4,0,3,1,1,49.2,184.3,0.4,0,0,42012,1
20170328,118874,1,1,1,0,91.67,"energy_total_location_in",103.34,106.84,101.57,104.1,103.51,0.00203212695955107,0.0034631224260577,0.00127990548390268,0.00182516810758884,0.00202878948893834,345.01,359.73,338.98,4,4,0,3,1,1,49.2,184.3,0.4,0,0,863,1
20170330,106944,1,1,0,1,129.71,"energy_total_location_out",103.34,106.84,101.57,104.1,103.51,0.00203212695955107,0.0034631224260577,0.00127990548390268,0.00182516810758884,0.00202878948893834,355.32,371.09,352.8,0,2,0,0,0,0,8.8,31.5,0,0,0,12539,0
20170330,119516,1,1,1,0,91.67,"energy_total_location_in",103.34,106.84,101.57,104.1,103.51,0.00203212695955107,0.0034631224260577,0.00127990548390268,0.00182516810758884,0.00202878948893834,355.32,371.09,352.8,0,2,0,0,0,0,8.8,31.5,0,0,0,844,0
20170404,110859,1,1,0,1,121.12,"energy_total_location_out",103.02,106.13,101.46,104.29,103.31,-0.00310619297223847,-0.00668990860265719,-0.00108417110191208,0.00182184293796157,-0.00193592101442264,357.99,379.5,357.5,0,1,0,2,2,0,23.8,84.3,2.5,0,0,10669,0
20170404,122463,1,1,1,0,74.88,"energy_total_location_in",103.02,106.13,101.46,104.29,103.31,-0.00310619297223847,-0.00668990860265719,-0.00108417110191208,0.00182184293796157,-0.00193592101442264,357.99,379.5,357.5,0,1,0,2,2,0,23.8,84.3,2.5,0,0,863,0
20170406,113800,1,1,0,1,121.12,"energy_total_location_out",103.02,106.13,101.46,104.29,103.31,-0.00310619297223847,-0.00668990860265719,-0.00108417110191208,0.00182184293796157,-0.00193592101442264,372.15,388.06,365.51,0,0,0,0,2,0,20.2,26.6,40.5,0,0,12539,0
20170406,124245,1,1,1,0,74.88,"energy_total_location_in",103.02,106.13,101.46,104.29,103.31,-0.00310619297223847,-0.00668990860265719,-0.00108417110191208,0.00182184293796157,-0.00193592101442264,372.15,388.06,365.51,0,0,0,0,2,0,20.2,26.6,40.5,0,0,17,0
20170411,111191,1,1,0,1,121.12,"energy_total_location_out",103.02,106.13,101.46,104.29,103.31,-0.00310619297223847,-0.00668990860265719,-0.00108417110191208,0.00182184293796157,-0.00193592101442264,390.12,403.76,383.44,1,2,0,0,2,0,49.8,107.4,1,0,0,12436,0
20170411,124888,1,1,1,0,74.88,"energy_total_location_in",103.02,106.13,101.46,104.29,103.31,-0.00310619297223847,-0.00668990860265719,-0.00108417110191208,0.00182184293796157,-0.00193592101442264,390.12,403.76,383.44,1,2,0,0,2,0,49.8,107.4,1,0,0,69,0
20170413,113770,1,1,0,1,121.12,"energy_total_location_out",103.02,106.13,101.46,104.29,103.31,-0.00310619297223847,-0.00668990860265719,-0.00108417110191208,0.00182184293796157,-0.00193592101442264,390.12,402.58,383.06,0,1,0,1,0,0,15.1,36,0,0,0,12213,0
20170413,123513,1,1,1,0,74.88,"energy_total_location_in",103.02,106.13,101.46,104.29,103.31,-0.00310619297223847,-0.00668990860265719,-0.00108417110191208,0.00182184293796157,-0.00193592101442264,390.12,402.58,383.06,0,1,0,1,0,0,15.1,36,0,0,0,986,0
20170418,110646,1,1,0,1,121.12,"energy_total_location_out",103.02,106.13,101.46,104.29,103.31,-0.00310619297223847,-0.00668990860265719,-0.00108417110191208,0.00182184293796157,-0.00193592101442264,379.72,392.38,374.65,0,1,0,0,3,1,54.5,101.8,19,0,0,13035,0
20170418,124176,1,1,1,0,74.88,"energy_total_location_in",103.02,106.13,101.46,104.29,103.31,-0.00310619297223847,-0.00668990860265719,-0.00108417110191208,0.00182184293796157,-0.00193592101442264,379.72,392.38,374.65,0,1,0,0,3,1,54.5,101.8,19,0,0,409,0
20170420,112034,1,1,0,1,121.12,"energy_total_location_out",103.02,106.13,101.46,104.29,103.31,-0.00310619297223847,-0.00668990860265719,-0.00108417110191208,0.00182184293796157,-0.00193592101442264,368.93,379.89,360.39,0,0,0,1,1,0,16.9,36.6,0.1,0,0,18099,0
20170420,127628,1,1,1,0,74.88,"energy_total_location_in",103.02,106.13,101.46,104.29,103.31,-0.00310619297223847,-0.00668990860265719,-0.00108417110191208,0.00182184293796157,-0.00193592101442264,368.93,379.89,360.39,0,0,0,1,1,0,16.9,36.6,0.1,0,0,1079,0
20170425,114895,1,1,0,1,121.12,"energy_total_location_out",103.02,106.13,101.46,104.29,103.31,-0.00310619297223847,-0.00668990860265719,-0.00108417110191208,0.00182184293796157,-0.00193592101442264,356.84,370.86,352.78,0,2,0,2,0,1,46.2,105.2,0,0,0,21180,0
20170425,128072,1,1,1,0,74.88,"energy_total_location_in",103.02,106.13,101.46,104.29,103.31,-0.00310619297223847,-0.00668990860265719,-0.00108417110191208,0.00182184293796157,-0.00193592101442264,356.84,370.86,352.78,0,2,0,2,0,1,46.2,105.2,0,0,0,1543,0
20170427,116800,1,1,0,1,121.12,"energy_total_location_out",103.02,106.13,101.46,104.29,103.31,-0.00310619297223847,-0.00668990860265719,-0.00108417110191208,0.00182184293796157,-0.00193592101442264,353.98,364.03,346.55,0,0,0,2,0,0,18.4,40,0,0,0,14911,0
20170427,125998,1,1,1,0,74.88,"energy_total_location_in",103.02,106.13,101.46,104.29,103.31,-0.00310619297223847,-0.00668990860265719,-0.00108417110191208,0.00182184293796157,-0.00193592101442264,353.98,364.03,346.55,0,0,0,2,0,0,18.4,40,0,0,0,36,0
20170502,120907,1,1,0,1,117.9180645,"energy_total_location_out",103.04,106.19,101.44,104.55,103.38,0.000194099378882087,0.000565024955268879,-0.000197160883280718,0.00248684839789566,0.000677113561617268,0,359.73,339.76,0,2,0,3,0,0,60.2,129.3,0,0,0,8113,0
20170502,128288,1,1,1,0,78.34935484,"energy_total_location_in",103.04,106.19,101.44,104.55,103.38,0.000194099378882087,0.000565024955268879,-0.000197160883280718,0.00248684839789566,0.000677113561617268,0,359.73,339.76,0,2,0,3,0,0,60.2,129.3,0,0,0,2860,0
20170504,117782,1,1,0,1,117.9180645,"energy_total_location_out",103.04,106.19,101.44,104.55,103.38,0.000194099378882087,0.000565024955268879,-0.000197160883280718,0.00248684839789566,0.000677113561617268,0,344.08,323.73,1,0,0,1,0,0,29.3,57.7,0,0,0,11451,0
20170504,129858,1,1,1,0,78.34935484,"energy_total_location_in",103.04,106.19,101.44,104.55,103.38,0.000194099378882087,0.000565024955268879,-0.000197160883280718,0.00248684839789566,0.000677113561617268,0,344.08,323.73,1,0,0,1,0,0,29.3,57.7,0,0,0,333,0
20170511,117285,1,1,0,1,117.9180645,"energy_total_location_out",103.04,106.19,101.44,104.55,103.38,0.000194099378882087,0.000565024955268879,-0.000197160883280718,0.00248684839789566,0.000677113561617268,354.22,362.29,341.31,1,1,0,2,2,1,90.1,160.8,5,0,0,13040,0
20170511,129882,1,1,1,0,78.34935484,"energy_total_location_in",103.04,106.19,101.44,104.55,103.38,0.000194099378882087,0.000565024955268879,-0.000197160883280718,0.00248684839789566,0.000677113561617268,354.22,362.29,341.31,1,1,0,2,2,1,90.1,160.8,5,0,0,740,0
20170516,119246,1,1,0,1,117.9180645,"energy_total_location_out",103.04,106.19,101.44,104.55,103.38,0.000194099378882087,0.000565024955268879,-0.000197160883280718,0.00248684839789566,0.000677113561617268,361.65,365.61,344.44,1,1,0,1,1,1,65.8,106.8,6,0,0,36987,0
20170516,132472,1,1,1,0,78.34935484,"energy_total_location_in",103.04,106.19,101.44,104.55,103.38,0.000194099378882087,0.000565024955268879,-0.000197160883280718,0.00248684839789566,0.000677113561617268,361.65,365.61,344.44,1,1,0,1,1,1,65.8,106.8,6,0,0,206,0
20170518,117000,1,1,0,1,117.9180645,"energy_total_location_out",103.04,106.19,101.44,104.55,103.38,0.000194099378882087,0.000565024955268879,-0.000197160883280718,0.00248684839789566,0.000677113561617268,358.76,369.39,347.16,0,0,0,2,0,0,26.2,52.8,0,0,0,43153,0
20170518,132387,1,1,1,0,78.34935484,"energy_total_location_in",103.04,106.19,101.44,104.55,103.38,0.000194099378882087,0.000565024955268879,-0.000197160883280718,0.00248684839789566,0.000677113561617268,358.76,369.39,347.16,0,0,0,2,0,0,26.2,52.8,0,0,0,80,0
20170523,119032,1,1,0,1,117.9180645,"energy_total_location_out",103.04,106.19,101.44,104.55,103.38,0.000194099378882087,0.000565024955268879,-0.000197160883280718,0.00248684839789566,0.000677113561617268,367.55,380.48,361.65,0,3,0,1,1,0,79.6,135.2,5,0,0,9305,0
20170523,132330,1,1,1,0,78.34935484,"energy_total_location_in",103.04,106.19,101.44,104.55,103.38,0.000194099378882087,0.000565024955268879,-0.000197160883280718,0.00248684839789566,0.000677113561617268,367.55,380.48,361.65,0,3,0,1,1,0,79.6,135.2,5,0,0,94,0
20170525,119633,1,1,0,1,117.9180645,"energy_total_location_out",103.04,106.19,101.44,104.55,103.38,0.000194099378882087,0.000565024955268879,-0.000197160883280718,0.00248684839789566,0.000677113561617268,374.01,364.65,346.51,0,0,0,1,1,0,31.3,52.2,0.1,0,0,43385,0
20170525,132100,1,1,1,0,78.34935484,"energy_total_location_in",103.04,106.19,101.44,104.55,103.38,0.000194099378882087,0.000565024955268879,-0.000197160883280718,0.00248684839789566,0.000677113561617268,374.01,364.65,346.51,0,0,0,1,1,0,31.3,52.2,0.1,0,0,99,0
20170530,120700,1,1,0,1,117.9180645,"energy_total_location_out",103.04,106.19,101.44,104.55,103.38,0.000194099378882087,0.000565024955268879,-0.000197160883280718,0.00248684839789566,0.000677113561617268,355.64,365.23,349.87,1,1,0,3,0,0,77.2,137.1,0,0,0,42430,0
20170530,130445,1,1,1,0,78.34935484,"energy_total_location_in",103.04,106.19,101.44,104.55,103.38,0.000194099378882087,0.000565024955268879,-0.000197160883280718,0.00248684839789566,0.000677113561617268,355.64,365.23,349.87,1,1,0,3,0,0,77.2,137.1,0,0,0,11,0
20170601,115605,1,1,0,1,123.558,"energy_total_location_out",103.07,106.39,101.39,104.71,103.44,0.000291064325215746,0.00187987592818877,-0.000493145280599637,0.001528029796581,0.000580046403712319,353.93,357.24,341.23,0,2,0,0,0,0,37.7,56.6,0,0,0,11530,0
20170601,130037,1,1,1,0,82.15733333,"energy_total_location_in",103.07,106.39,101.39,104.71,103.44,0.000291064325215746,0.00187987592818877,-0.000493145280599637,0.001528029796581,0.000580046403712319,353.93,357.24,341.23,0,2,0,0,0,0,37.7,56.6,0,0,0,473,0
20170608,120791,1,1,0,1,123.558,"energy_total_location_out",103.07,106.39,101.39,104.71,103.44,0.000291064325215746,0.00187987592818877,-0.000493145280599637,0.001528029796581,0.000580046403712319,332.18,337.76,322.09,0,3,0,2,2,0,107.8,179.5,28,0,0,14899,0
20170608,132362,1,1,1,0,82.15733333,"energy_total_location_in",103.07,106.39,101.39,104.71,103.44,0.000291064325215746,0.00187987592818877,-0.000493145280599637,0.001528029796581,0.000580046403712319,332.18,337.76,322.09,0,3,0,2,2,0,107.8,179.5,28,0,0,2578,0
20170613,115300,1,1,0,1,123.558,"energy_total_location_out",103.07,106.39,101.39,104.71,103.44,0.000291064325215746,0.00187987592818877,-0.000493145280599637,0.001528029796581,0.000580046403712319,335,345.05,329.05,1,1,0,1,2,0,84.7,136.7,4.6,0,0,135260,0
20170613,126757,1,1,1,0,82.15733333,"energy_total_location_in",103.07,106.39,101.39,104.71,103.44,0.000291064325215746,0.00187987592818877,-0.000493145280599637,0.001528029796581,0.000580046403712319,335,345.05,329.05,1,1,0,1,2,0,84.7,136.7,4.6,0,0,114,0
20170615,115289,1,1,0,1,123.558,"energy_total_location_out",103.07,106.39,101.39,104.71,103.44,0.000291064325215746,0.00187987592818877,-0.000493145280599637,0.001528029796581,0.000580046403712319,321.21,332.19,314.77,0,0,0,2,0,0,35.8,56.4,0,0,0,2231,0
20170615,128969,1,1,1,0,82.15733333,"energy_total_location_in",103.07,106.39,101.39,104.71,103.44,0.000291064325215746,0.00187987592818877,-0.000493145280599637,0.001528029796581,0.000580046403712319,321.21,332.19,314.77,0,0,0,2,0,0,35.8,56.4,0,0,0,268,0
20170620,118866,1,1,0,1,123.558,"energy_total_location_out",103.07,106.39,101.39,104.71,103.44,0.000291064325215746,0.00187987592818877,-0.000493145280599637,0.001528029796581,0.000580046403712319,324.65,327.49,307.64,2,0,0,3,0,0,98.7,157.3,0,0,0,16198,0
20170620,129341,1,1,1,0,82.15733333,"energy_total_location_in",103.07,106.39,101.39,104.71,103.44,0.000291064325215746,0.00187987592818877,-0.000493145280599637,0.001528029796581,0.000580046403712319,324.65,327.49,307.64,2,0,0,3,0,0,98.7,157.3,0,0,0,48,0
20170622,112800,1,1,0,1,123.558,"energy_total_location_out",103.07,106.39,101.39,104.71,103.44,0.000291064325215746,0.00187987592818877,-0.000493145280599637,0.001528029796581,0.000580046403712319,312.52,324.87,307.06,0,2,0,0,0,0,42.9,62,0,0,0,73082,0
20170622,124159,1,1,1,0,82.15733333,"energy_total_location_in",103.07,106.39,101.39,104.71,103.44,0.000291064325215746,0.00187987592818877,-0.000493145280599637,0.001528029796581,0.000580046403712319,312.52,324.87,307.06,0,2,0,0,0,0,42.9,62,0,0,0,61,0
20170627,124708,1,1,1,0,82.15733333,"energy_total_location_in",103.07,106.39,101.39,104.71,103.44,0.000291064325215746,0.00187987592818877,-0.000493145280599637,0.001528029796581,0.000580046403712319,321.52,333.09,315.88,1,1,0,0,3,0,104.7,150.7,34,0,0,3289,0
20170627,128127,1,1,1,0,82.15733333,"energy_total_location_in",103.07,106.39,101.39,104.71,103.44,0.000291064325215746,0.00187987592818877,-0.000493145280599637,0.001528029796581,0.000580046403712319,321.52,333.09,315.88,1,1,0,0,3,0,104.7,150.7,34,0,0,5327,0
20170629,115020,1,1,0,1,123.558,"energy_total_location_out",103.07,106.39,101.39,104.71,103.44,0.000291064325215746,0.00187987592818877,-0.000493145280599637,0.001528029796581,0.000580046403712319,332.92,340.53,322.65,1,1,0,0,0,0,44.4,62,0,0,0,47820,0
20170704,124933,1,1,1,0,76.04806452,"energy_total_location_in",103.35,107.5,101.25,104.84,103.69,0.00270924044508951,0.0103255813953488,-0.00138271604938272,0.00123998473864946,0.00241103288648857,348.79,357.29,0,0,1,0,0,4,0,112.2,147.4,160.5,0,0,163,0
20170706,112048,1,1,0,1,123.6919355,"energy_total_location_out",103.35,107.5,101.25,104.84,103.69,0.00270924044508951,0.0103255813953488,-0.00138271604938272,0.00123998473864946,0.00241103288648857,340.27,347.78,329.06,0,1,0,0,1,0,47.2,67.2,34,0,0,7697,0
20170706,124849,1,1,1,0,76.04806452,"energy_total_location_in",103.35,107.5,101.25,104.84,103.69,0.00270924044508951,0.0103255813953488,-0.00138271604938272,0.00123998473864946,0.00241103288648857,340.27,347.78,329.06,0,1,0,0,1,0,47.2,67.2,34,0,0,192,0
20170711,116121,1,1,0,1,123.6919355,"energy_total_location_out",103.35,107.5,101.25,104.84,103.69,0.00270924044508951,0.0103255813953488,-0.00138271604938272,0.00123998473864946,0.00241103288648857,327.42,343.7,325.76,0,0,0,0,5,0,117.6,142.6,199,0,0,11925,0
20170711,128048,1,1,1,0,76.04806452,"energy_total_location_in",103.35,107.5,101.25,104.84,103.69,0.00270924044508951,0.0103255813953488,-0.00138271604938272,0.00123998473864946,0.00241103288648857,327.42,343.7,325.76,0,0,0,0,5,0,117.6,142.6,199,0,0,369,0
20170713,116458,1,1,0,1,123.6919355,"energy_total_location_out",103.35,107.5,101.25,104.84,103.69,0.00270924044508951,0.0103255813953488,-0.00138271604938272,0.00123998473864946,0.00241103288648857,332.18,348.9,332.04,1,1,0,0,0,0,48,63.2,0,0,0,19054,0
20170713,129215,1,1,1,0,76.04806452,"energy_total_location_in",103.35,107.5,101.25,104.84,103.69,0.00270924044508951,0.0103255813953488,-0.00138271604938272,0.00123998473864946,0.00241103288648857,332.18,348.9,332.04,1,1,0,0,0,0,48,63.2,0,0,0,467,0
20170718,106500,1,1,0,1,123.6919355,"energy_total_location_out",103.35,107.5,101.25,104.84,103.69,0.00270924044508951,0.0103255813953488,-0.00138271604938272,0.00123998473864946,0.00241103288648857,334.94,346.58,329.26,1,0,0,0,4,0,120.8,148.8,75,0,0,42021,0
20170718,125542,1,1,1,0,76.04806452,"energy_total_location_in",103.35,107.5,101.25,104.84,103.69,0.00270924044508951,0.0103255813953488,-0.00138271604938272,0.00123998473864946,0.00241103288648857,334.94,346.58,329.26,1,0,0,0,4,0,120.8,148.8,75,0,0,92,0
20170720,114767,1,1,0,1,123.6919355,"energy_total_location_out",103.35,107.5,101.25,104.84,103.69,0.00270924044508951,0.0103255813953488,-0.00138271604938272,0.00123998473864946,0.00241103288648857,341.01,347.86,330.15,1,0,0,1,0,0,50.5,69,0,0,0,8708,0
20170720,128996,1,1,1,0,76.04806452,"energy_total_location_in",103.35,107.5,101.25,104.84,103.69,0.00270924044508951,0.0103255813953488,-0.00138271604938272,0.00123998473864946,0.00241103288648857,341.01,347.86,330.15,1,0,0,1,0,0,50.5,69,0,0,0,3202,0
20170725,112035,1,1,0,1,123.6919355,"energy_total_location_out",103.35,107.5,101.25,104.84,103.69,0.00270924044508951,0.0103255813953488,-0.00138271604938272,0.00123998473864946,0.00241103288648857,332.05,352.41,336.19,0,1,0,0,3,1,131.1,155.7,137,0,0,38229,0
20170725,125346,1,1,1,0,76.04806452,"energy_total_location_in",103.35,107.5,101.25,104.84,103.69,0.00270924044508951,0.0103255813953488,-0.00138271604938272,0.00123998473864946,0.00241103288648857,332.05,352.41,336.19,0,1,0,0,3,1,131.1,155.7,137,0,0,1561,0
20170727,115080,1,1,0,1,123.6919355,"energy_total_location_out",103.35,107.5,101.25,104.84,103.69,0.00270924044508951,0.0103255813953488,-0.00138271604938272,0.00123998473864946,0.00241103288648857,347.75,362.83,345.56,0,1,0,0,1,0,49.1,62.5,3.5,0,0,11169,0
20170727,126235,1,1,1,0,76.04806452,"energy_total_location_in",103.35,107.5,101.25,104.84,103.69,0.00270924044508951,0.0103255813953488,-0.00138271604938272,0.00123998473864946,0.00241103288648857,347.75,362.83,345.56,0,1,0,0,1,0,49.1,62.5,3.5,0,0,273,0
20170801,114775,1,1,0,1,120.5883871,"energy_total_location_out",104.23,109.72,101.46,104.96,104.4,0.00844286673702398,0.0202333211811885,0.00206978119455937,0.00114329268292674,0.00680076628352498,361.44,365.39,346.9,1,0,0,0,3,1,123.4,149.7,14,0,0,23735,0
20170801,127337,1,1,1,0,75.7583871,"energy_total_location_in",104.23,109.72,101.46,104.96,104.4,0.00844286673702398,0.0202333211811885,0.00206978119455937,0.00114329268292674,0.00680076628352498,361.44,365.39,346.9,1,0,0,0,3,1,123.4,149.7,14,0,0,112,0
20170803,115600,1,1,0,1,120.5883871,"energy_total_location_out",104.23,109.72,101.46,104.96,104.4,0.00844286673702398,0.0202333211811885,0.00206978119455937,0.00114329268292674,0.00680076628352498,359.1,367.44,346.39,1,1,0,0,0,0,53.8,66.9,0,0,0,25203,0
20170803,127425,1,1,1,0,75.7583871,"energy_total_location_in",104.23,109.72,101.46,104.96,104.4,0.00844286673702398,0.0202333211811885,0.00206978119455937,0.00114329268292674,0.00680076628352498,359.1,367.44,346.39,1,1,0,0,0,0,53.8,66.9,0,0,0,27,0
20170808,114663,1,1,0,1,120.5883871,"energy_total_location_out",104.23,109.72,101.46,104.96,104.4,0.00844286673702398,0.0202333211811885,0.00206978119455937,0.00114329268292674,0.00680076628352498,363.32,369.7,348.64,1,2,0,0,1,1,133.6,169.5,5,0,0,30908,0
20170808,126957,1,1,1,0,75.7583871,"energy_total_location_in",104.23,109.72,101.46,104.96,104.4,0.00844286673702398,0.0202333211811885,0.00206978119455937,0.00114329268292674,0.00680076628352498,363.32,369.7,348.64,1,2,0,0,1,1,133.6,169.5,5,0,0,1433,0
20170810,116570,1,1,0,1,120.5883871,"energy_total_location_out",104.23,109.72,101.46,104.96,104.4,0.00844286673702398,0.0202333211811885,0.00206978119455937,0.00114329268292674,0.00680076628352498,368.42,370.42,346.79,0,0,0,0,2,0,48.5,58.3,8,0,0,20145,0
20170810,127779,1,1,1,0,75.7583871,"energy_total_location_in",104.23,109.72,101.46,104.96,104.4,0.00844286673702398,0.0202333211811885,0.00206978119455937,0.00114329268292674,0.00680076628352498,368.42,370.42,346.79,0,0,0,0,2,0,48.5,58.3,8,0,0,87,0
20170817,116400,1,1,0,1,120.5883871,"energy_total_location_out",104.23,109.72,101.46,104.96,104.4,0.00844286673702398,0.0202333211811885,0.00206978119455937,0.00114329268292674,0.00680076628352498,348.72,365.78,337.54,1,0,0,0,5,1,156.9,199,98,0,0,26780,0
20170817,126781,1,1,1,0,75.7583871,"energy_total_location_in",104.23,109.72,101.46,104.96,104.4,0.00844286673702398,0.0202333211811885,0.00206978119455937,0.00114329268292674,0.00680076628352498,348.72,365.78,337.54,1,0,0,0,5,1,156.9,199,98,0,0,32,0
20170822,115516,1,1,0,1,120.5883871,"energy_total_location_out",104.23,109.72,101.46,104.96,104.4,0.00844286673702398,0.0202333211811885,0.00206978119455937,0.00114329268292674,0.00680076628352498,357.77,371.38,341.09,0,1,0,0,2,2,116.1,145.8,129.5,0,0,31877,0
20170822,127497,1,1,1,0,75.7583871,"energy_total_location_in",104.23,109.72,101.46,104.96,104.4,0.00844286673702398,0.0202333211811885,0.00206978119455937,0.00114329268292674,0.00680076628352498,357.77,371.38,341.09,0,1,0,0,2,2,116.1,145.8,129.5,0,0,322,0
20170824,115446,1,1,0,1,120.5883871,"energy_total_location_out",104.23,109.72,101.46,104.96,104.4,0.00844286673702398,0.0202333211811885,0.00206978119455937,0.00114329268292674,0.00680076628352498,359.57,370.17,337.38,0,0,0,0,2,0,48.5,58.3,45.5,0,0,35678,0
20170824,126890,1,1,1,0,75.7583871,"energy_total_location_in",104.23,109.72,101.46,104.96,104.4,0.00844286673702398,0.0202333211811885,0.00206978119455937,0.00114329268292674,0.00680076628352498,359.57,370.17,337.38,0,0,0,0,2,0,48.5,58.3,45.5,0,0,226,0
20170829,112989,1,1,0,1,120.5883871,"energy_total_location_out",104.23,109.72,101.46,104.96,104.4,0.00844286673702398,0.0202333211811885,0.00206978119455937,0.00114329268292674,0.00680076628352498,353.06,366.45,327.27,2,0,0,1,1,1,95.5,137,9,0,0,16372,0
20170829,126391,1,1,1,0,75.7583871,"energy_total_location_in",104.23,109.72,101.46,104.96,104.4,0.00844286673702398,0.0202333211811885,0.00206978119455937,0.00114329268292674,0.00680076628352498,353.06,366.45,327.27,2,0,0,1,1,1,95.5,137,9,0,0,93,0
20170831,113920,1,1,0,1,120.5883871,"energy_total_location_out",104.23,109.72,101.46,104.96,104.4,0.00844286673702398,0.0202333211811885,0.00206978119455937,0.00114329268292674,0.00680076628352498,347.89,369.92,333.55,1,0,0,1,0,0,32.7,51.5,0,0,0,17186,0
20170831,127021,1,1,1,0,75.7583871,"energy_total_location_in",104.23,109.72,101.46,104.96,104.4,0.00844286673702398,0.0202333211811885,0.00206978119455937,0.00114329268292674,0.00680076628352498,347.89,369.92,333.55,1,0,0,1,0,0,32.7,51.5,0,0,0,117,0
20170905,114003,1,1,0,1,111.7263333,"energy_total_location_out",104.33,109.71,101.61,105.02,104.49,0.000958497076583862,-9.11493938565775e-05,0.00147623265426637,0.000571319748619332,0.000861326442721688,363.11,379.9,346.31,1,2,0,1,0,1,94.8,142.3,0,0,0,30426,0
20170905,127579,1,1,1,0,72.55833333,"energy_total_location_in",104.33,109.71,101.61,105.02,104.49,0.000958497076583862,-9.11493938565775e-05,0.00147623265426637,0.000571319748619332,0.000861326442721688,363.11,379.9,346.31,1,2,0,1,0,1,94.8,142.3,0,0,0,562,0
20170907,116788,1,1,0,1,111.7263333,"energy_total_location_out",104.33,109.71,101.61,105.02,104.49,0.000958497076583862,-9.11493938565775e-05,0.00147623265426637,0.000571319748619332,0.000861326442721688,377.86,388.56,350.05,1,0,0,0,1,0,36.3,51.5,2,0,0,59186,0
20170907,127179,1,1,1,0,72.55833333,"energy_total_location_in",104.33,109.71,101.61,105.02,104.49,0.000958497076583862,-9.11493938565775e-05,0.00147623265426637,0.000571319748619332,0.000861326442721688,377.86,388.56,350.05,1,0,0,0,1,0,36.3,51.5,2,0,0,681,0
20170912,113593,1,1,0,1,111.7263333,"energy_total_location_out",104.33,109.71,101.61,105.02,104.49,0.000958497076583862,-9.11493938565775e-05,0.00147623265426637,0.000571319748619332,0.000861326442721688,370.64,385.56,342.64,0,2,0,1,2,0,95.8,136.7,24.5,0,0,35189,0
20170912,126140,1,1,1,0,72.55833333,"energy_total_location_in",104.33,109.71,101.61,105.02,104.49,0.000958497076583862,-9.11493938565775e-05,0.00147623265426637,0.000571319748619332,0.000861326442721688,370.64,385.56,342.64,0,2,0,1,2,0,95.8,136.7,24.5,0,0,147,0
20170914,114565,1,1,0,1,111.7263333,"energy_total_location_out",104.33,109.71,101.61,105.02,104.49,0.000958497076583862,-9.11493938565775e-05,0.00147623265426637,0.000571319748619332,0.000861326442721688,379.91,393.38,353.81,0,0,0,2,0,0,30.7,57,0,0,0,12243,0
20170914,127421,1,1,1,0,72.55833333,"energy_total_location_in",104.33,109.71,101.61,105.02,104.49,0.000958497076583862,-9.11493938565775e-05,0.00147623265426637,0.000571319748619332,0.000861326442721688,379.91,393.38,353.81,0,0,0,2,0,0,30.7,57,0,0,0,3011,0
20170919,114670,1,1,0,1,111.7263333,"energy_total_location_out",104.33,109.71,101.61,105.02,104.49,0.000958497076583862,-9.11493938565775e-05,0.00147623265426637,0.000571319748619332,0.000861326442721688,383.59,391.18,351.03,0,3,0,1,1,0,90,138.1,8,0,0,46349,0
20170919,127675,1,1,1,0,72.55833333,"energy_total_location_in",104.33,109.71,101.61,105.02,104.49,0.000958497076583862,-9.11493938565775e-05,0.00147623265426637,0.000571319748619332,0.000861326442721688,383.59,391.18,351.03,0,3,0,1,1,0,90,138.1,8,0,0,151,0
20170921,115857,1,1,0,1,111.7263333,"energy_total_location_out",104.33,109.71,101.61,105.02,104.49,0.000958497076583862,-9.11493938565775e-05,0.00147623265426637,0.000571319748619332,0.000861326442721688,388.12,400.76,359,0,0,0,2,0,0,28.3,51.9,0,0,0,43603,0
20170921,127652,1,1,1,0,72.55833333,"energy_total_location_in",104.33,109.71,101.61,105.02,104.49,0.000958497076583862,-9.11493938565775e-05,0.00147623265426637,0.000571319748619332,0.000861326442721688,388.12,400.76,359,0,0,0,2,0,0,28.3,51.9,0,0,0,448,0
20170926,112322,1,1,0,1,111.7263333,"energy_total_location_out",104.33,109.71,101.61,105.02,104.49,0.000958497076583862,-9.11493938565775e-05,0.00147623265426637,0.000571319748619332,0.000861326442721688,399.34,415.62,368.97,2,2,0,1,0,0,88.6,143.5,0,0,0,55558,0
20170926,127598,1,1,1,0,72.55833333,"energy_total_location_in",104.33,109.71,101.61,105.02,104.49,0.000958497076583862,-9.11493938565775e-05,0.00147623265426637,0.000571319748619332,0.000861326442721688,399.34,415.62,368.97,2,2,0,1,0,0,88.6,143.5,0,0,0,670,0
20170928,117332,1,1,0,1,111.7263333,"energy_total_location_out",104.33,109.71,101.61,105.02,104.49,0.000958497076583862,-9.11493938565775e-05,0.00147623265426637,0.000571319748619332,0.000861326442721688,398.11,411.44,369.51,0,0,0,1,1,0,34.1,52.6,0.5,0,0,32933,0
20170928,127372,1,1,1,0,72.55833333,"energy_total_location_in",104.33,109.71,101.61,105.02,104.49,0.000958497076583862,-9.11493938565775e-05,0.00147623265426637,0.000571319748619332,0.000861326442721688,398.11,411.44,369.51,0,0,0,1,1,0,34.1,52.6,0.5,0,0,2615,0
20171010,112600,1,1,0,1,115.9451613,"energy_total_location_out",103.46,106.62,101.86,105.12,103.84,-0.00840904697467625,-0.0289814293753516,0.00245434910661693,0.000951293759513019,-0.00625963020030808,389.72,407.95,366.94,4,3,0,0,4,1,185.8,304.5,6.4,0,0,61659,0
20171010,126215,1,1,1,0,71.28548387,"energy_total_location_in",103.46,106.62,101.86,105.12,103.84,-0.00840904697467625,-0.0289814293753516,0.00245434910661693,0.000951293759513019,-0.00625963020030808,389.72,407.95,366.94,4,3,0,0,4,1,185.8,304.5,6.4,0,0,294,0
20171012,113989,1,1,0,1,115.9451613,"energy_total_location_out",103.46,106.62,101.86,105.12,103.84,-0.00840904697467625,-0.0289814293753516,0.00245434910661693,0.000951293759513019,-0.00625963020030808,392.5,401.64,361.3,1,0,0,0,1,0,21,21.7,20,0,0,7928,0
20171012,127471,1,1,1,0,71.28548387,"energy_total_location_in",103.46,106.62,101.86,105.12,103.84,-0.00840904697467625,-0.0289814293753516,0.00245434910661693,0.000951293759513019,-0.00625963020030808,392.5,401.64,361.3,1,0,0,0,1,0,21,21.7,20,0,0,1436,0
20171017,114993,1,1,0,1,115.9451613,"energy_total_location_out",103.46,106.62,101.86,105.12,103.84,-0.00840904697467625,-0.0289814293753516,0.00245434910661693,0.000951293759513019,-0.00625963020030808,399.41,410.4,367.86,0,3,0,1,0,1,46.9,108.3,0,0,0,105024,0
20171017,127453,1,1,1,0,71.28548387,"energy_total_location_in",103.46,106.62,101.86,105.12,103.84,-0.00840904697467625,-0.0289814293753516,0.00245434910661693,0.000951293759513019,-0.00625963020030808,399.41,410.4,367.86,0,3,0,1,0,1,46.9,108.3,0,0,0,782,0
20171019,114975,1,1,0,1,115.9451613,"energy_total_location_out",103.46,106.62,101.86,105.12,103.84,-0.00840904697467625,-0.0289814293753516,0.00245434910661693,0.000951293759513019,-0.00625963020030808,394.68,406.91,364.67,0,1,0,0,1,0,26.1,42.3,0.1,0,0,42197,0
20171019,127672,1,1,1,0,71.28548387,"energy_total_location_in",103.46,106.62,101.86,105.12,103.84,-0.00840904697467625,-0.0289814293753516,0.00245434910661693,0.000951293759513019,-0.00625963020030808,394.68,406.91,364.67,0,1,0,0,1,0,26.1,42.3,0.1,0,0,887,0
20171024,113939,1,1,0,1,115.9451613,"energy_total_location_out",103.46,106.62,101.86,105.12,103.84,-0.00840904697467625,-0.0289814293753516,0.00245434910661693,0.000951293759513019,-0.00625963020030808,393.57,415.28,373.56,0,1,0,4,0,0,51.6,114.4,0,0,0,51022,0
20171024,127927,1,1,1,0,71.28548387,"energy_total_location_in",103.46,106.62,101.86,105.12,103.84,-0.00840904697467625,-0.0289814293753516,0.00245434910661693,0.000951293759513019,-0.00625963020030808,393.57,415.28,373.56,0,1,0,4,0,0,51.6,114.4,0,0,0,481,0
20171026,111962,1,1,0,1,115.9451613,"energy_total_location_out",103.46,106.62,101.86,105.12,103.84,-0.00840904697467625,-0.0289814293753516,0.00245434910661693,0.000951293759513019,-0.00625963020030808,398.91,420.84,373.58,0,1,0,0,0,1,20.2,38.7,0,0,0,56370,0
20171026,128159,1,1,1,0,71.28548387,"energy_total_location_in",103.46,106.62,101.86,105.12,103.84,-0.00840904697467625,-0.0289814293753516,0.00245434910661693,0.000951293759513019,-0.00625963020030808,398.91,420.84,373.58,0,1,0,0,0,1,20.2,38.7,0,0,0,212,0
20171031,116429,1,1,0,1,115.9451613,"energy_total_location_out",103.46,106.62,101.86,105.12,103.84,-0.00840904697467625,-0.0289814293753516,0.00245434910661693,0.000951293759513019,-0.00625963020030808,412.68,434.26,384.8,0,0,0,5,0,0,34.9,95.4,0,0,0,128730,0
20171031,128238,1,1,1,0,71.28548387,"energy_total_location_in",103.46,106.62,101.86,105.12,103.84,-0.00840904697467625,-0.0289814293753516,0.00245434910661693,0.000951293759513019,-0.00625963020030808,412.68,434.26,384.8,0,0,0,5,0,0,34.9,95.4,0,0,0,935,0
20171102,114594,1,1,0,1,116.32,"energy_total_location_out",102.72,105.37,101.38,105.28,103.3,-0.00720404984423671,-0.011862959096517,-0.00473466166896828,0.00151975683890574,-0.00522749273959348,411.5,425.83,383.12,0,0,0,0,1,1,25.5,36.1,1,0,0,102211,1
20171102,127810,1,1,1,0,80.933,"energy_total_location_in",102.72,105.37,101.38,105.28,103.3,-0.00720404984423671,-0.011862959096517,-0.00473466166896828,0.00151975683890574,-0.00522749273959348,411.5,425.83,383.12,0,0,0,0,1,1,25.5,36.1,1,0,0,389,1
20171107,118208,1,1,0,1,116.32,"energy_total_location_out",102.72,105.37,101.38,105.28,103.3,-0.00720404984423671,-0.011862959096517,-0.00473466166896828,0.00151975683890574,-0.00522749273959348,438.22,447.35,401.77,0,2,0,1,1,1,30.4,80.6,1.5,0,0,18866,1
20171107,128084,1,1,1,0,80.933,"energy_total_location_in",102.72,105.37,101.38,105.28,103.3,-0.00720404984423671,-0.011862959096517,-0.00473466166896828,0.00151975683890574,-0.00522749273959348,438.22,447.35,401.77,0,2,0,1,1,1,30.4,80.6,1.5,0,0,4599,1
20171109,113595,1,1,0,1,116.32,"energy_total_location_out",102.72,105.37,101.38,105.28,103.3,-0.00720404984423671,-0.011862959096517,-0.00473466166896828,0.00151975683890574,-0.00522749273959348,431.81,448.07,400.69,0,1,0,1,0,0,10.6,34,0,0,0,39295,1
20171109,127612,1,1,1,0,80.933,"energy_total_location_in",102.72,105.37,101.38,105.28,103.3,-0.00720404984423671,-0.011862959096517,-0.00473466166896828,0.00151975683890574,-0.00522749273959348,431.81,448.07,400.69,0,1,0,1,0,0,10.6,34,0,0,0,501,1
20171114,125584,1,1,1,0,80.933,"energy_total_location_in",102.72,105.37,101.38,105.28,103.3,-0.00720404984423671,-0.011862959096517,-0.00473466166896828,0.00151975683890574,-0.00522749273959348,431.75,438.52,392.63,0,0,0,3,2,0,14.3,61.2,12,0,0,13004,1
20171116,126411,1,1,1,0,80.933,"energy_total_location_in",102.72,105.37,101.38,105.28,103.3,-0.00720404984423671,-0.011862959096517,-0.00473466166896828,0.00151975683890574,-0.00522749273959348,422.6,430.1,386.5,0,1,0,1,0,0,-4.5,12.9,0,0,0,6687,1
20171121,108169,1,1,0,1,116.32,"energy_total_location_out",102.72,105.37,101.38,105.28,103.3,-0.00720404984423671,-0.011862959096517,-0.00473466166896828,0.00151975683890574,-0.00522749273959348,418.03,432.48,392.8,0,2,0,2,0,1,-21.1,24.2,0,0,0,46328,1
20171121,125645,1,1,1,0,80.933,"energy_total_location_in",102.72,105.37,101.38,105.28,103.3,-0.00720404984423671,-0.011862959096517,-0.00473466166896828,0.00151975683890574,-0.00522749273959348,418.03,432.48,392.8,0,2,0,2,0,1,-21.1,24.2,0,0,0,1630,1
20171123,122983,1,1,1,0,80.933,"energy_total_location_in",102.72,105.37,101.38,105.28,103.3,-0.00720404984423671,-0.011862959096517,-0.00473466166896828,0.00151975683890574,-0.00522749273959348,419.6,436.22,0,0,0,1,0,1,0,-1.9,15.5,1.7,1.5,0,27844,1
20171128,95971,1,1,0,1,116.32,"energy_total_location_out",102.72,105.37,101.38,105.28,103.3,-0.00720404984423671,-0.011862959096517,-0.00473466166896828,0.00151975683890574,-0.00522749273959348,419,435.15,396.7,0,2,0,1,2,0,-7.7,38.5,24.5,0,0,6508,1
20171128,102215,1,1,1,0,80.933,"energy_total_location_in",102.72,105.37,101.38,105.28,103.3,-0.00720404984423671,-0.011862959096517,-0.00473466166896828,0.00151975683890574,-0.00522749273959348,419,435.15,396.7,0,2,0,1,2,0,-7.7,38.5,24.5,0,0,304,1
20171130,100692,1,1,1,0,80.933,"energy_total_location_in",102.72,105.37,101.38,105.28,103.3,-0.00720404984423671,-0.011862959096517,-0.00473466166896828,0.00151975683890574,-0.00522749273959348,414.07,432.79,390.79,0,1,0,1,0,0,-7,10.8,0,0,0,5517,1
20171130,87200,1,1,0,1,116.32,"energy_total_location_out",102.72,105.37,101.38,105.28,103.3,-0.00720404984423671,-0.011862959096517,-0.00473466166896828,0.00151975683890574,-0.00522749273959348,414.07,432.79,390.79,0,1,0,1,0,0,-7,10.8,0,0,0,9946,1
