"date","weather_str","min_Temperature","max_Temperature","Precipitation","snow"
"20160101","구름많음",-3.3,4,0,0
"20160102","흐림",1,9.5,0,0
"20160103","구름많음",5.1,9.4,0,0
"20160104","구름조금",-2.5,5.3,0,0
"20160105","구름조금",-4.8,1.5,0,0
"20160106","구름많음",-4.9,1.7,0,0
"20160107","맑음",-5.9,1.4,0,0
"20160108","맑음",-6.9,1,0,0
"20160109","구름조금",-6.2,2.4,0,0
"20160110","구름조금",-2.7,3.8,0,0
"20160111","맑음",-6.5,0.9,0,0
"20160112","맑음",-9.1,0.7,0,0
"20160113","눈",-8.2,0.1,0.4,0.5
"20160114","구름조금",-8.4,1.3,0,0
"20160115","구름조금",-4.3,5.3,0,0
"20160116","비",-2.1,2.8,0.1,0
"20160117","구름많음",-0.7,5.4,0,0
"20160118","눈",-12.3,0.4,0.2,0.4
"20160119","맑음",-15.1,-8.9,0,0
"20160120","맑음",-14.5,-5.2,0,0
"20160121","구름조금",-10.2,-2.3,0,0
"20160122","구름조금",-11.1,-3.8,0,0
"20160123","구름조금",-16,-8.3,0,0
"20160124","맑음",-18,-10.5,0,0
"20160125","맑음",-14.3,-3.4,0,0
"20160126","눈",-8.5,1.7,0.3,0.5
"20160127","맑음",-4.7,4.3,0,0
"20160128","구름많음",-5.6,3.5,0,0
"20160129","구름많음",-1.4,5.4,0,0
"20160130","구름조금",-2.5,5.2,0,0
"20160131","구름조금",-6.5,0.3,0,0
"20160201","맑음",-9.1,-1,0,0
"20160202","맑음",-10,0.9,0,0
"20160203","맑음",-8.3,4,0,0
"20160204","구름조금",-4,3.9,0,0
"20160205","맑음",-6.8,3.4,0,0
"20160206","맑음",-6.2,2,0,0
"20160207","맑음",-8.3,3.5,0,0
"20160208","구름많음",-4.3,5.5,0,0
"20160209","맑음",-3.9,5.5,0,0
"20160210","맑음",-4.3,10.7,0,0
"20160211","비",1.6,13.5,0.1,0
"20160212","비",6.8,10,18,0
"20160213","비",5.8,14.4,21,0
"20160214","비",-6.8,5.8,2.5,0
"20160215","맑음",-10,-2.3,0,0
"20160216","눈",-6.7,1.1,0.8,1.2
"20160217","맑음",-5.2,5.4,0,0
"20160218","구름조금",-1.4,7.8,0,0
"20160219","구름많음",0.1,4.4,0,0
"20160220","맑음",-2.5,6.3,0,0
"20160221","구름조금",-4.2,4.4,0,0
"20160222","흐림",-2.2,4.2,0,0
"20160223","눈",-4.5,4.5,0.9,0.3
"20160224","맑음",-6.8,2.2,0,0
"20160225","맑음",-5.8,5.7,0,0
"20160226","구름조금",-3.2,7.5,0,0
"20160227","비",0.5,8.1,0.2,0
"20160228","눈",-2.6,6.9,4.1,5
"20160229","맑음",-5.9,-1.1,0,0
"20160301","맑음",-7.5,2.1,0,0
"20160302","구름많음",-2.2,8.1,0,0
"20160303","구름많음",4.4,13.9,0,0
"20160304","비",6.4,20.3,0.1,0
"20160305","비",9.1,13.5,40,0
"20160306","비",4.3,12.9,0.2,0
"20160307","흐림",4.8,12.2,0,0
"20160308","흐림",-1.4,7,0,0
"20160309","구름조금",-2.7,5.3,0,0
"20160310","맑음",-4.3,3.1,0,0
"20160311","맑음",-5.5,4.6,0,0
"20160312","구름조금",-3.3,6.4,0,0
"20160313","비",1.9,6.5,0.1,0
"20160314","구름조금",1.3,9.6,0,0
"20160315","구름조금",-1,12.4,0,0
"20160316","맑음",2.7,13.8,0,0
"20160317","구름많음",2,14.7,0,0
"20160318","구름조금",8.8,20.1,0,0
"20160319","맑음",6.6,18.1,0,0
"20160320","맑음",4.9,17.5,0,0
"20160321","맑음",5.5,16.1,0,0
"20160322","구름조금",3.5,13.8,0,0
"20160323","구름조금",3.8,13.8,0,0
"20160324","맑음",1.6,12.7,0,0
"20160325","맑음",2.1,12.6,0,0
"20160326","맑음",2.1,12.6,0,0
"20160327","맑음",2.2,13.1,0,0
"20160328","맑음",2.3,17.4,0,0
"20160329","비",7.6,17.1,0.1,0
"20160330","맑음",7,18.3,0,0
"20160331","구름조금",6,21.4,0,0
"20160401","구름조금",7.3,23.8,0,0
"20160402","맑음",9.6,21.7,0,0
"20160403","비",8.2,12.7,2,0
"20160404","맑음",5.1,19.8,0,0
"20160405","맑음",5.9,18.1,0,0
"20160406","비",6.6,22.9,3,0
"20160407","비",10.5,20.6,7.5,0
"20160408","구름조금",7.8,18.7,0,0
"20160409","흐림",7.4,14.1,0,0
"20160410","구름조금",9.3,20.7,0,0
"20160411","맑음",5.7,19.4,0,0
"20160412","구름많음",10.3,19.4,0,0
"20160413","비",11.4,21.4,1,0
"20160414","맑음",9.3,18.6,0,0
"20160415","맑음",8.1,23.1,0,0
"20160416","비",9.8,20.7,23.5,0
"20160417","비",8.3,14.5,20.5,0
"20160418","비",7.1,18.6,1.5,0
"20160419","맑음",6.5,19.2,0,0
"20160420","비",10.1,20.9,0.5,0
"20160421","비",10.3,16.9,17,0
"20160422","흐림",10.1,18.6,0,0
"20160423","구름많음",7.8,19.8,0,0
"20160424","맑음",8.1,23.7,0,0
"20160425","맑음",10.2,25.3,0,0
"20160426","구름많음",12.1,29.6,0,0
"20160427","흐림",14.5,20.7,0,0
"20160428","구름많음",12.4,23,0,0
"20160429","비",10.9,22.6,0.3,0
"20160430","구름조금",10.8,20.4,0,0
"20160501","구름많음",12.2,26,0,0
"20160502","비",16.5,28.4,16.5,0
"20160503","비",8.9,17.6,27,0
"20160504","맑음",10.2,20.6,0,0
"20160505","비",10.2,26.9,7.5,0
"20160506","비",13,18.6,9.5,0
"20160507","맑음",10.7,22.6,0,0
"20160508","구름조금",11.6,26.8,0,0
"20160509","흐림",16.3,25.4,0,0
"20160510","비",12.5,18.1,13.5,0
"20160511","맑음",10.4,23.5,0,0
"20160512","구름조금",12.1,24,0,0
"20160513","비",12.7,25.4,0.5,0
"20160514","구름조금",15.1,26.9,0,0
"20160515","비",12.3,24.2,45,0
"20160516","비",10.8,21.9,2.5,0
"20160517","맑음",10.9,26.6,0,0
"20160518","맑음",13.5,29.5,0,0
"20160519","맑음",16.3,31.9,0,0
"20160520","맑음",16.8,31.6,0,0
"20160521","구름조금",17.8,30.4,0,0
"20160522","구름조금",17.6,31.7,0,0
"20160523","구름많음",18.3,29.4,0,0
"20160524","비",15.4,21.8,38.5,0
"20160525","구름많음",15.3,24.4,0,0
"20160526","흐림",17.5,22.9,0,0
"20160527","구름많음",14.8,27.1,0,0
"20160528","구름조금",17.2,28,0,0
"20160529","구름조금",17.2,27.6,0,0
"20160530","맑음",16.9,28.9,0,0
"20160531","구름조금",17.4,27.6,0,0
"20160601","맑음",17.1,29.9,0,0
"20160602","맑음",17.2,29.1,0,0
"20160603","구름조금",17.6,27.7,0,0
"20160604","구름많음",18.2,26.3,0,0
"20160605","구름조금",17.3,32.2,0,0
"20160606","구름많음",20.8,28.4,0,0
"20160607","비",19.6,25.9,0.1,0
"20160608","구름조금",18.2,27.7,0,0
"20160609","맑음",17.8,31.3,0,0
"20160610","맑음",20.2,31.3,0,0
"20160611","비",20.9,26.5,3,0
"20160612","비",19.9,26.7,1.5,0
"20160613","구름조금",19.4,29.6,0,0
"20160614","구름많음",19.7,29.5,0,0
"20160615","비",17.4,24.5,15.5,0
"20160616","구름많음",18.6,24.9,0,0
"20160617","맑음",18.6,29.1,0,0
"20160618","맑음",20.1,29.9,0,0
"20160619","구름조금",20.3,29.3,0,0
"20160620","구름많음",19.6,30.7,0,0
"20160621","구름많음",21,31.3,0,0
"20160622","비",20.9,30.2,30.5,0
"20160623","비",19.6,29.4,0.1,0
"20160624","비",21.1,25.7,3.5,0
"20160625","구름조금",19.2,26.7,0,0
"20160626","맑음",19.4,30.3,0,0
"20160627","구름많음",19.9,29.5,0,0
"20160628","구름조금",20.4,29.7,0,0
"20160629","구름많음",20.9,30.2,0,0
"20160630","비",23,26.9,0.2,0
"20160701","비",22,26.6,108.5,0
"20160702","비",20.6,27.7,4,0
"20160703","구름많음",21.1,26.8,0,0
"20160704","비",20.2,24.1,29.5,0
"20160705","비",20.2,24.8,100.5,0
"20160706","구름많음",20.3,26.9,0,0
"20160707","구름많음",20.1,28.5,0,0
"20160708","맑음",21.2,32.4,0,0
"20160709","구름조금",23.2,32.7,0,0
"20160710","구름많음",23.2,33.1,0,0
"20160711","흐림",24.8,33.4,0,0
"20160712","비",22.1,30.9,3,0
"20160713","흐림",23.2,29.5,0,0
"20160714","비",24,32.4,0.1,0
"20160715","비",23.7,29.2,1.5,0
"20160716","비",19.8,23.8,46.5,0
"20160717","비",20.4,23.1,2.5,0
"20160718","비",20.7,28.4,0.2,0
"20160719","구름조금",20.9,32.4,0,0
"20160720","구름조금",24,32.9,0,0
"20160721","구름많음",24.9,32.2,0,0
"20160722","구름많음",25.3,34.1,0,0
"20160723","비",27.2,31.6,0.5,0
"20160724","비",27,30.1,0.5,0
"20160725","구름많음",26.4,31.4,0,0
"20160726","구름많음",25.6,31.9,0,0
"20160727","비",26.7,28.9,0.5,0
"20160728","비",26.7,30.5,0.2,0
"20160729","비",23.4,28.4,59.5,0
"20160730","비",26.4,33,0.5,0
"20160731","비",26.6,32.8,0.2,0
"20160801","구름많음",25.8,32.4,0,0
"20160802","비",25,31.1,2,0
"20160803","구름조금",24,34.2,0,0
"20160804","맑음",26,35.7,0,0
"20160805","맑음",26.5,36,0,0
"20160806","맑음",26.6,34,0,0
"20160807","맑음",27,35,0,0
"20160808","맑음",26.4,35.5,0,0
"20160809","비",26.4,33.6,1,0
"20160810","구름조금",26.1,34.8,0,0
"20160811","맑음",26.1,36.4,0,0
"20160812","맑음",26.4,35.9,0,0
"20160813","구름조금",26.8,35.1,0,0
"20160814","비",27.3,31.8,0.2,0
"20160815","구름많음",25.8,34,0,0
"20160816","비",26.2,34.9,0.5,0
"20160817","구름조금",25.1,34.7,0,0
"20160818","구름많음",26.2,34.3,0,0
"20160819","비",26.6,33.2,11.5,0
"20160820","구름많음",26.5,34.9,0,0
"20160821","구름조금",26.9,36.6,0,0
"20160822","비",25.8,36.3,0.4,0
"20160823","비",26,33,8,0
"20160824","구름조금",26.4,32.9,0,0
"20160825","비",24,32.2,4.5,0
"20160826","비",19.5,28.2,20,0
"20160827","구름조금",16.9,29.7,0,0
"20160828","비",18.3,24.5,1.5,0
"20160829","구름조금",17.4,27.1,0,0
"20160830","구름많음",17.9,24.5,0,0
"20160831","비",16.1,19.2,17.5,0
"20160901","구름조금",15.8,28.6,0,0
"20160902","비",20.6,29,4.5,0
"20160903","비",20.4,28.6,0.5,0
"20160904","구름많음",22.1,29.6,0,0
"20160905","구름조금",23,31.1,0,0
"20160906","구름조금",21,29,0,0
"20160907","구름많음",20.9,28.6,0,0
"20160908","비",21.5,26.5,4.5,0
"20160909","구름조금",19.7,29.3,0,0
"20160910","구름많음",20,29.1,0,0
"20160911","구름많음",22.1,28.2,0,0
"20160912","비",21.4,27.5,2.5,0
"20160913","구름조금",19.6,30.8,0,0
"20160914","구름조금",21.4,28.9,0,0
"20160915","흐림",18.8,29.5,0,0
"20160916","흐림",20.4,29.5,0,0
"20160917","비",18.5,28.2,7,0
"20160918","구름조금",20.2,28.3,0,0
"20160919","맑음",18.2,27.8,0,0
"20160920","맑음",15.4,26.8,0,0
"20160921","구름많음",14.3,25.3,0,0
"20160922","구름조금",17.5,27.2,0,0
"20160923","구름조금",16.4,27.9,0,0
"20160924","구름조금",16.5,28.9,0,0
"20160925","구름많음",18.6,29.7,0,0
"20160926","구름조금",19.7,28.9,0,0
"20160927","비",19.1,23.8,13.5,0
"20160928","비",18.7,21.8,0.5,0
"20160929","흐림",18.2,24.8,0,0
"20160930","흐림",17.7,23.5,0,0
"20161001","흐림",17.5,25.6,0,0
"20161002","비",16.7,22.4,18.5,0
"20161003","비",19.6,27.9,6.5,0
"20161004","맑음",15.6,29,0,0
"20161005","구름조금",17.5,27.2,0,0
"20161006","구름조금",13.6,23.5,0,0
"20161007","비",16.5,24.8,2,0
"20161008","비",10.3,21.8,6,0
"20161009","구름조금",6.5,16.6,0,0
"20161010","구름조금",7.4,21.4,0,0
"20161011","구름많음",10,21.1,0,0
"20161012","구름조금",11.4,20.7,0,0
"20161013","구름조금",9.3,21.9,0,0
"20161014","맑음",10.5,23.5,0,0
"20161015","구름조금",12.4,27.1,0,0
"20161016","비",15.4,19.5,1.5,0
"20161017","구름많음",14.5,21.7,0,0
"20161018","구름조금",11.2,24,0,0
"20161019","맑음",14,24.3,0,0
"20161020","맑음",12.9,25.8,0,0
"20161021","흐림",15.7,22,0,0
"20161022","구름많음",14.5,22.8,0,0
"20161023","비",10.6,17.8,2.5,0
"20161024","구름많음",9,20.6,0,0
"20161025","비",12.5,17.5,37,0
"20161026","구름조금",10.5,16.3,0,0
"20161027","구름많음",8.6,20.9,0,0
"20161028","비",10.2,18.4,0.3,0
"20161029","구름많음",3.5,11.2,0,0
"20161030","맑음",1.6,15.1,0,0
"20161031","비",0.7,8.2,0.5,0
"20161101","맑음",-2.4,6.6,0,0
"20161102","비",-2.7,10.5,0.1,0
"20161103","비",4.2,14.1,0.2,0
"20161104","흐림",8.2,15.7,0,0
"20161105","구름많음",12.2,18.1,0,0
"20161106","구름많음",11.9,18.3,0,0
"20161107","비",8.5,17.8,5.5,0
"20161108","비",0.4,8.4,0.5,0
"20161109","맑음",-3.2,8.6,0,0
"20161110","비",1.5,9.8,0.4,0
"20161111","비",6.2,14.2,4,0
"20161112","구름조금",5.1,16.7,0,0
"20161113","비",12.1,18.1,0.5,0
"20161114","비",10.2,15.8,1.5,0
"20161115","맑음",2.5,10.2,0,0
"20161116","맑음",0,12,0,0
"20161117","맑음",4,16.5,0,0
"20161118","구름많음",4.9,14.6,0,0
"20161119","흐림",9.9,18.6,0,0
"20161120","맑음",6.4,15.3,0,0
"20161121","흐림",5.1,14.6,0,0
"20161122","비",-2.1,8.4,0.2,0
"20161123","구름조금",-4.8,3.6,0,0
"20161124","맑음",-6.2,2.4,0,0
"20161125","구름조금",-3.5,6,0,0
"20161126","눈",-0.7,2.7,2.8,0.8
"20161127","구름많음",0.5,6.6,0,0
"20161128","맑음",-1.4,5.6,0,0
"20161129","맑음",-2.8,8.6,0,0
"20161130","비",0.7,9.8,1,0
"20161201","맑음",-1,7,0,0
"20161202","맑음",-3.5,7.9,0,0
"20161203","구름조금",-0.7,11.3,0,0
"20161204","흐림",2,9.5,0,0
"20161205","비",0.5,10.3,1.5,0
"20161206","맑음",-4.2,4.3,0,0
"20161207","구름조금",-2.7,7.5,0,0
"20161208","비",-3,6.1,3,0
"20161209","비",-2.9,4.2,3,0
"20161210","맑음",-5.9,3.6,0,0
"20161211","맑음",-6.1,6.4,0,0
"20161212","흐림",-3,6.3,0,0
"20161213","구름조금",-0.4,8.8,0,0
"20161214","비",-2.3,-0.1,0.1,0
"20161215","맑음",-7.6,-1.5,0,0
"20161216","맑음",-9.8,0,0,0
"20161217","구름많음",-2.7,8,0,0
"20161218","흐림",2.7,8.1,0,0
"20161219","비",4.3,12,0.1,0
"20161220","맑음",4.4,13.6,0,0
"20161221","비",4.1,12.6,29,0
"20161222","비",1.5,11,23.5,0
"20161223","비",-4.4,1.5,0.1,0
"20161224","구름조금",-4.3,1.1,0,0
"20161225","구름조금",-4.5,6.4,0,0
"20161226","흐림",1.3,4.4,0,0
"20161227","눈",-6.3,1.3,0.5,0.5
"20161228","맑음",-8.4,2.6,0,0
"20161229","눈",-7.2,-1.1,0.3,1
"20161230","구름조금",-9.1,1,0,0
"20161231","구름많음",-3.6,5.7,0,0
"20170101","구름많음",-1.6,6.9,0,0
"20170102","비",1.8,9.2,0.3,0
"20170103","맑음",-2.3,7.7,0,0
"20170104","구름조금",1,8.9,0,0
"20170105","흐림",-0.1,7.3,0,0
"20170106","구름조금",2.5,11.4,0,0
"20170107","구름조금",0,10.5,0,0
"20170108","흐림",4,10.9,0,0
"20170109","구름조금",-3.1,4.3,0,0
"20170110","맑음",-7.4,1.1,0,0
"20170111","맑음",-9.4,1.5,0,0
"20170112","눈",-6.1,1,0,0.1
"20170113","눈",-8.6,-1.4,0.6,1.5
"20170114","맑음",-10.5,-5.4,0,0
"20170115","맑음",-11.5,-0.9,0,0
"20170116","맑음",-8.9,4,0,0
"20170117","구름조금",-7.1,3.4,0,0
"20170118","구름조금",-3,2.8,0,0
"20170119","구름많음",-4.9,4.7,0,0
"20170120","눈",-7.8,-1.4,4,6.6
"20170121","눈",-10,-0.9,2.1,3.2
"20170122","맑음",-10.9,-3.3,0,0
"20170123","맑음",-12.6,-4.1,0,0
"20170124","맑음",-11.6,-1.3,0,0
"20170125","맑음",-10.2,0.9,0,0
"20170126","비",-7.9,3.4,0.3,0
"20170127","비",-5.7,3.1,3,0
"20170128","구름많음",-8.2,4.3,0,0
"20170129","눈",-0.9,2.5,4.5,2.1
"20170130","눈",-7.9,-0.9,0.1,0.1
"20170131","구름조금",-9.9,0.2,0,0
"20170201","맑음",-7.5,0.7,0,0
"20170202","맑음",-9.2,3.3,0,0
"20170203","맑음",-2.3,6.7,0,0
"20170204","구름많음",-2.9,3.2,0,0
"20170205","비",-1.5,2.3,0.5,0
"20170206","맑음",-4.4,2.6,0,0
"20170207","구름조금",-5.6,3,0,0
"20170208","구름많음",-4.9,0.6,0,0
"20170209","맑음",-7.1,-2.1,0,0
"20170210","맑음",-9.3,-2.5,0,0
"20170211","맑음",-9.2,0.8,0,0
"20170212","맑음",-7.4,4.2,0,0
"20170213","구름조금",-5.4,6.1,0,0
"20170214","맑음",-4,6.5,0,0
"20170215","맑음",-3.9,8,0,0
"20170216","구름많음",-1.9,10.3,0,0
"20170217","비",-5.2,9,4,0
"20170218","맑음",-7,2.9,0,0
"20170219","비",-3.4,5.7,1,0
"20170220","비",-5.2,5.4,0.5,0
"20170221","구름조금",-7.6,6.9,0,0
"20170222","비",-0.9,2.9,5.1,0
"20170223","맑음",-4.2,2.1,0,0
"20170224","맑음",-5.8,4.4,0,0
"20170225","맑음",-2.8,8.4,0,0
"20170226","맑음",-1.5,10.1,0,0
"20170227","맑음",-1.8,10.7,0,0
"20170228","맑음",-1.3,12.3,0,0
"20170301","비",2,11.4,5,0
"20170302","비",-1.1,6.6,0.5,0
"20170303","맑음",-3.1,10.4,0,0
"20170304","맑음",0.1,12.7,0,0
"20170305","비",1.2,10.4,0.5,0
"20170306","맑음",-2.8,4,0,0
"20170307","맑음",-4,2.9,0,0
"20170308","구름조금",-5.3,5,0,0
"20170309","맑음",-2.7,10.7,0,0
"20170310","맑음",-1.2,12.2,0,0
"20170311","구름조금",-0.2,16.7,0,0
"20170312","흐림",4.4,14,0,0
"20170313","구름조금",1.5,12.2,0,0
"20170314","맑음",1,10.9,0,0
"20170315","맑음",0.4,13.3,0,0
"20170316","구름조금",1,13.4,0,0
"20170317","맑음",1.2,15.7,0,0
"20170318","구름조금",5.9,16.1,0,0
"20170319","맑음",3.2,18.9,0,0
"20170320","흐림",6,15.5,0,0
"20170321","맑음",4.3,12.6,0,0
"20170322","구름조금",1.9,14.1,0,0
"20170323","구름조금",5.1,15,0,0
"20170324","구름많음",3.9,15.2,0,0
"20170325","구름많음",5,12.6,0,0
"20170326","구름많음",4.8,11.6,0,0
"20170327","비",4.4,10.9,0.4,0
"20170328","구름많음",2.5,12.7,0,0
"20170329","구름조금",4.7,14.4,0,0
"20170330","구름조금",4.1,17.1,0,0
"20170331","비",4.9,12.4,1.5,0
"20170401","비",4.8,15.1,1,0
"20170402","맑음",3.1,15.8,0,0
"20170403","맑음",4.3,19.2,0,0
"20170404","구름조금",6.7,21.8,0,0
"20170405","비",10.8,14.2,37.5,0
"20170406","비",9.4,12.4,3,0
"20170407","구름많음",9,23.5,0,0
"20170408","비",8.6,19.9,0.5,0
"20170409","비",10.6,20.5,0.5,0
"20170410","구름조금",10.1,23.3,0,0
"20170411","구름조금",11.5,20.2,0,0
"20170412","맑음",8.8,16.4,0,0
"20170413","구름조금",6.3,19.6,0,0
"20170414","비",10.1,17.7,6,0
"20170415","구름조금",10.9,24.3,0,0
"20170416","흐림",12.9,24.4,0,0
"20170417","비",11.2,18,5.5,0
"20170418","비",9.4,17.4,7.5,0
"20170419","맑음",7,18.4,0,0
"20170420","비",9.9,18.2,0.1,0
"20170421","구름조금",7.6,19.3,0,0
"20170422","맑음",8.5,22.5,0,0
"20170423","맑음",8.9,21.7,0,0
"20170424","구름조금",8.3,21.3,0,0
"20170425","흐림",12.9,20.4,0,0
"20170426","맑음",10.5,20.2,0,0
"20170427","맑음",7.9,19.8,0,0
"20170428","구름조금",8.9,21.5,0,0
"20170429","맑음",9.6,23.7,0,0
"20170430","맑음",13.7,27.8,0,0
"20170501","맑음",12.8,28.3,0,0
"20170502","구름조금",15.2,28,0,0
"20170503","맑음",14.5,30.2,0,0
"20170504","구름많음",14.8,27.5,0,0
"20170505","구름조금",15.5,27,0,0
"20170506","맑음",10,19.3,0,0
"20170507","맑음",10.9,22.8,0,0
"20170508","구름많음",11.1,23.5,0,0
"20170509","비",15.3,22.6,2.5,0
"20170510","비",14.2,20.8,2.5,0
"20170511","흐림",13.1,24.8,0,0
"20170512","흐림",16.8,21.1,0,0
"20170513","비",12.4,22.6,6,0
"20170514","맑음",11,20.7,0,0
"20170515","구름조금",12.3,20.1,0,0
"20170516","구름많음",13.3,22.3,0,0
"20170517","맑음",12.3,25.9,0,0
"20170518","맑음",13.9,26.9,0,0
"20170519","맑음",15.1,27.9,0,0
"20170520","구름조금",15.4,27.3,0,0
"20170521","구름조금",16,27.6,0,0
"20170522","구름조금",15.9,28,0,0
"20170523","비",17.2,24.4,5,0
"20170524","비",16.9,27.8,0.1,0
"20170525","맑음",14.4,24.4,0,0
"20170526","맑음",12.4,23.2,0,0
"20170527","맑음",13.7,26.4,0,0
"20170528","맑음",14.4,27.9,0,0
"20170529","구름조금",18.1,29.3,0,0
"20170530","구름많음",18.6,30.3,0,0
"20170531","구름조금",17.7,29.6,0,0
"20170601","구름조금",20,27,0,0
"20170602","구름조금",15.5,25.6,0,0
"20170603","맑음",16.1,26.5,0,0
"20170604","맑음",15.1,28.1,0,0
"20170605","구름조금",16.4,30.3,0,0
"20170606","비",14.5,23.9,15.5,0
"20170607","비",15.1,19.2,12.5,0
"20170608","구름조금",15.1,25.9,0,0
"20170609","비",17.9,25.7,0.1,0
"20170610","비",16.7,27.5,4.5,0
"20170611","맑음",14.8,29.6,0,0
"20170612","구름조금",17,28,0,0
"20170613","구름많음",18.3,25.9,0,0
"20170614","맑음",17.8,26.8,0,0
"20170615","맑음",18,29.6,0,0
"20170616","맑음",20,32.7,0,0
"20170617","맑음",20.6,29.9,0,0
"20170618","맑음",18.6,31.8,0,0
"20170619","구름많음",19.5,30.2,0,0
"20170620","구름많음",20,32.7,0,0
"20170621","구름조금",21.7,31.6,0,0
"20170622","구름조금",21.2,30.4,0,0
"20170623","구름조금",21.3,34.1,0,0
"20170624","비",21.5,27.8,3.5,0
"20170625","비",21,28.4,1.5,0
"20170626","비",20.1,29.9,29,0
"20170627","구름많음",20.8,30.5,0,0
"20170628","구름많음",22.5,30.5,0,0
"20170629","구름조금",21.9,31.5,0,0
"20170630","구름조금",22.2,30.9,0,0
"20170701","비",22.4,30.7,0.5,0
"20170702","비",21.9,26.8,92,0
"20170703","비",21.9,27.4,67.5,0
"20170704","비",23.8,31.6,0.5,0
"20170705","구름조금",23.3,32.6,0,0
"20170706","비",23.9,34.6,34,0
"20170707","비",24.4,28.4,16.5,0
"20170708","비",24.6,27.6,4.5,0
"20170709","비",23.8,30.3,32.5,0
"20170710","비",22.6,25.4,144.5,0
"20170711","비",22.2,30.9,1,0
"20170712","구름많음",24.9,31.1,0,0
"20170713","구름조금",23.1,32.1,0,0
"20170714","구름많음",26.1,33,0,0
"20170715","비",23.4,27.3,42.5,0
"20170716","비",23.4,28.8,22.5,0
"20170717","비",24,29,7.5,0
"20170718","비",23.9,30.7,2.5,0
"20170719","구름많음",24.5,34.1,0,0
"20170720","맑음",26,34.9,0,0
"20170721","흐림",27.3,32.4,0,0
"20170722","비",27.5,32.5,0.5,0
"20170723","비",26.1,28.1,133.5,0
"20170724","비",25.6,27.3,3,0
"20170725","구름조금",24.6,35.4,0,0
"20170726","구름조금",24.2,32.8,0,0
"20170727","비",24.9,29.7,3.5,0
"20170728","비",24.8,26.9,8.5,0
"20170729","구름많음",25,30.1,0,0
"20170730","흐림",24.7,32.6,0,0
"20170731","비",24.8,27.1,3.5,0
"20170801","비",24.1,33,2,0
"20170802","구름조금",26.6,33,0,0
"20170803","구름많음",27.2,33.9,0,0
"20170804","구름많음",25.9,35.3,0,0
"20170805","구름조금",27.6,34.8,0,0
"20170806","비",28.2,34,5,0
"20170807","구름조금",26.4,34.4,0,0
"20170808","흐림",25.5,31,0,0
"20170809","비",24.6,32,2.5,0
"20170810","비",23.9,26.3,5.5,0
"20170811","비",23.9,32.4,0.5,0
"20170812","구름많음",23.2,32.6,0,0
"20170813","흐림",24.2,28.4,0,0
"20170814","비",23.1,27.1,1.5,0
"20170815","비",20.8,24,93.5,0
"20170816","비",20.5,26.8,2,0
"20170817","비",21.2,27.7,0.5,0
"20170818","흐림",23.9,30.6,0,0
"20170819","흐림",23.1,28.7,0,0
"20170820","비",22,25.8,124.5,0
"20170821","비",23.7,29.2,5,0
"20170822","구름조금",23.4,31.5,0,0
"20170823","비",24.6,30.2,31.5,0
"20170824","비",23.9,28.1,14,0
"20170825","구름많음",22.2,30.6,0,0
"20170826","맑음",19,29.2,0,0
"20170827","흐림",19,26.7,0,0
"20170828","비",18.3,26.5,9,0
"20170829","구름많음",17,24,0,0
"20170830","구름많음",16.1,23.9,0,0
"20170831","맑음",16.6,27.6,0,0
"20170901","맑음",17.1,29.7,0,0
"20170902","구름조금",18.6,29.6,0,0
"20170903","구름조금",19,29.2,0,0
"20170904","구름많음",19.7,30.1,0,0
"20170905","흐림",20.4,23.7,0,0
"20170906","비",18.5,24,2,0
"20170907","구름많음",17.8,27.5,0,0
"20170908","구름조금",20.4,29.9,0,0
"20170909","구름조금",19.2,28.2,0,0
"20170910","비",19.9,26.1,0.5,0
"20170911","비",18.6,24.6,24,0
"20170912","맑음",17.7,27.9,0,0
"20170913","맑음",15.9,27.5,0,0
"20170914","맑음",14.8,29.5,0,0
"20170915","구름조금",17.8,27.9,0,0
"20170916","구름조금",16.7,27.6,0,0
"20170917","구름조금",19,29.2,0,0
"20170918","맑음",16.4,27.6,0,0
"20170919","비",20.1,25.8,8,0
"20170920","맑음",14.1,24.9,0,0
"20170921","맑음",14.2,27,0,0
"20170922","구름조금",15.4,26.8,0,0
"20170923","구름많음",17.6,27.3,0,0
"20170924","구름많음",18.8,27.9,0,0
"20170925","맑음",17.4,30.1,0,0
"20170926","구름조금",19.4,31.4,0,0
"20170927","비",19.9,27.3,0.5,0
"20170928","맑음",14.2,25.3,0,0
"20170929","구름조금",11.2,23.5,0,0
"20170930","구름조금",14.7,25.9,0,0
"20171001","비",15.5,21.2,4,0
"20171002","비",15.6,29.4,1.5,0
"20171003","구름많음",13.4,23.6,0,0
"20171004","구름많음",10.7,24.3,0,0
"20171005","흐림",13.9,23.4,0,0
"20171006","비",16.2,23.3,0.5,0
"20171007","구름많음",16.9,28.8,0,0
"20171008","구름조금",19.3,28.7,0,0
"20171009","구름많음",19.8,27.6,0,0
"20171010","비",18.6,24.8,0.4,0
"20171011","비",12.2,21.7,20,0
"20171012","구름많음",8.8,0,0,0
"20171013","구름조금",6.1,18.9,0,0
"20171014","구름조금",9,20.5,0,0
"20171015","구름조금",9,23,0,0
"20171016","흐림",13.6,22,0,0
"20171017","맑음",9.2,23.9,0,0
"20171018","비",14.2,19.1,0.1,0
"20171019","구름조금",11.9,23.2,0,0
"20171020","맑음",11.1,24.2,0,0
"20171021","맑음",11,25.2,0,0
"20171022","맑음",11,23.5,0,0
"20171023","맑음",8.6,20.6,0,0
"20171024","구름조금",9.9,20.9,0,0
"20171025","구름조금",9.5,20.6,0,0
"20171026","흐림",10.7,18.1,0,0
"20171027","맑음",11.9,24.2,0,0
"20171028","맑음",10.6,24.8,0,0
"20171029","맑음",6.3,17.2,0,0
"20171030","맑음",2.5,13.2,0,0
"20171031","맑음",3.6,16,0,0
"20171101","흐림",11.5,18.1,0,0
"20171102","비",14,18,1,0
"20171103","비",6.1,16.6,1.5,0
"20171104","맑음",4.5,13.7,0,0
"20171105","구름조금",2.6,15.4,0,0
"20171106","구름조금",8,16.5,0,0
"20171107","흐림",9.2,18.4,0,0
"20171108","구름조금",6.9,17.2,0,0
"20171109","맑음",3.7,16.8,0,0
"20171110","비",5.3,15.9,7.5,0
"20171111","맑음",2.7,10.7,0,0
"20171112","맑음",0.3,11.4,0,0
"20171113","비",3.1,11.8,4.5,0
"20171114","맑음",2.9,11.4,0,0
"20171115","구름조금",-1.1,6.5,0,0
"20171116","맑음",-3.4,6.4,0,0
"20171117","흐림",-1.6,5.8,0,0
"20171118","맑음",-4.8,2.6,0,0
"20171119","구름조금",-6.6,3.5,0,0
"20171120","구름조금",-3.9,4.2,0,0
"20171121","맑음",-4.2,8.1,0,0
"20171122","비",0.6,10.8,0.5,0
"20171123","눈",-2.5,4.7,1.2,1.5
"20171124","구름조금",-2.5,2.9,0,0
"20171125","비",-3.3,7.3,24,0
"20171126","구름조금",-0.3,7.6,0,0
"20171127","맑음",-2.9,9.5,0,0
"20171128","비",1.3,11.2,0.5,0
"20171129","구름조금",-1.8,8.1,0,0
"20171130","맑음",-5.2,2.7,0,0
"20171201","맑음",-7.6,3.1,0,0
"20171202","구름조금",-4.6,8.1,0,0
"20171203","비",3.1,8.1,4,0
"20171204","비",-6.1,4.5,0.1,0
"20171205","눈",-8.2,-0.4,0.1,0.1
"20171206","눈",-4.5,6,1.2,1
"20171207","구름조금",-3.5,4.6,0,0
"20171208","맑음",-7.1,-0.5,0,0
"20171209","구름조금",-5.6,5.4,0,0
"20171210","눈",-2.5,6.7,4.1,4.3
"20171211","맑음",-11,-2.5,0,0
"20171212","맑음",-12.3,-5.2,0,0
"20171213","맑음",-12,-4.4,0,0
